kalshi_game_id,espn_game_id
KXNCAAMBGAME-26MAR14CHARUSF,401851227
KXNCAAMBGAME-26MAR14UNMSDSU,401851504
KXNCAAMBGAME-26MAR13CSFHAW,401851397
KXNCAAMBGAME-26MAR13OKLAARK,401851568
KXNCAAMBGAME-26MAR13CSNUCI,401851395
KXNCAAMBGAME-26MAR13SBONDAY,401851272
KXNCAAMBGAME-26MAR13CHARUAB,401851225
KXNCAAMBGAME-26MAR13MOSULT,401851413
KXNCAAMBGAME-26MAR12UCDCSF,401851394
KXNCAAMBGAME-26MAR12ACUTU,401851735
KXNCAAMBGAME-26MAR12OKLATXAM,401851564
KXNCAAMBGAME-26MAR12UCSDCSN,401851393
KXNCAAMBGAME-26MAR12ARPBSOU,401851720
KXNCAAMBGAME-26MAR12TULNCHAR,401851223
KXNCAAMBGAME-26MAR12LCHIDAV,401851268
KXNCAAMBGAME-26MAR12MTULT,401851410
KXNCAAMBGAME-26MAR12NEVGC,401851500
KXNCAAMBGAME-26MAR12NWPUR,401851377
KXNCAAMBGAME-26MAR12BUFFAKR,401858188
KXNCAAMBGAME-26MAR12SBONGMU,401851264

KXNCAAMBGAME-26MAR07UTAAC,401805214
KXNCAAMBGAME-26MAR07HAMPTOWS,401856425
KXNCAAMBGAME-26MAR07TXAMLSU,401808282
KXNCAAMBGAME-26MAR07INDOSU,401825563
KXNCAAMBGAME-26MAR07BSUCSU,401823834
KXNCAAMBGAME-26MAR07STANNCST,401820791
KXNCAAMBGAME-26MAR07JVSTUTEP,401804965
KXNCAAMBGAME-26MAR07MTUMOSU,401804968
KXNCAAMBGAME-26MAR07PREWIN,401851352
KXNCAAMBGAME-26MAR07GWLCHI,401828467
KXNCAAMBGAME-26MAR07SCARMISS,401808283
KXNCAAMBGAME-26MAR07ARKMIZZ,401808285
KXNCAAMBGAME-26MAR07STNHMHU,401851517
KXNCAAMBGAME-26MAR07CAMPSTON,401856423
KXNCAAMBGAME-26MAR07UNCAHP,401851351
KXNCAAMBGAME-26MAR07ALBYMASSL,401851200
KXNCAAMBGAME-26MAR07DAVSBON,401828463
KXNCAAMBGAME-26MAR06PRERAD,401851350
KXNCAAMBGAME-26MAR06MOHOHIO,401814601
KXNCAAMBGAME-26MAR06FAIRSPC,401851460
KXNCAAMBGAME-26MAR06VALPBRAD,401851490
KXNCAAMBGAME-26MAR06UWGAQUC,401851248
KXNCAAMBGAME-26MAR06BUFFTOL,401814599
KXNCAAMBGAME-26MAR06NEOMSDAK,401851621
KXNCAAMBGAME-26MAR06CLMBHARV,401812624
KXNCAAMBGAME-26MAR06STETPEAY,401851247
KXNCAAMBGAME-26MAR06UICMURR,401851489
KXNCAAMBGAME-26MAR06CITCHAT,401851579
KXNCAAMBGAME-26MAR06WEBBHP,401851347
KXNCAAMBGAME-26MAR06UCRVHAW,401809151

KXNCAAMBGAME-26MAR11NWIND,401851369
KXNCAAMBGAME-26MAR11AFANEV,401851496
KXNCAAMBGAME-26MAR11PVCOOK,401851718
KXNCAAMBGAME-26MAR11LCHIRICH,401851260
KXNCAAMBGAME-26MAR11PITTNCST,401851173
KXNCAAMBGAME-26MAR11SBONLAS,401851258
KXNCAAMBGAME-26MAR10UTRGVMCNS,401851612
KXNCAAMBGAME-26MAR10NMSUJVST,401851406
KXNCAAMBGAME-26MAR10MOSUFIU,401851405
KXNCAAMBGAME-26MAR10MASSLUMBC,401851202
KXNCAAMBGAME-26MAR09DETRMU,401851433
KXNCAAMBGAME-26MAR09TOWSHOF,401856432
KXNCAAMBGAME-26MAR09NICHUTRGV,401851608
KXNCAAMBGAME-26MAR09CAMPMONM,401856431
KXNCAAMBGAME-26MAR08WMHOF,401856430
KXNCAAMBGAME-26MAR08TOWSCOFC,401856429
KXNCAAMBGAME-26MAR08CHARUSF,401828263
KXNCAAMBGAME-26MAR08CAMPUNCW,401856427
KXNCAAMBGAME-26MAR08LBSUHAW,401809152
KXNCAAMBGAME-26MAR07UNDUST,401851627
KXNCAAMBGAME-26MAR07AFANEV,401820576
KXNCAAMBGAME-26MAR07GASOCCAR,401851703
KXNCAAMBGAME-26MAR07OKLATEX,401808287
KXNCAAMBGAME-26MAR07NWMINN,401825562
KXNCAAMBGAME-26MAR07ELONWM,401856426
KXNCAAMBGAME-26MAR07CSFCSN,401823186
KXNCAAMBGAME-26MAR07QUCPEAY,401851250
KXNCAAMBGAME-26MAR07NEOMNDSU,401851626
KXNCAAMBGAME-26MAR07FRESGC,401823806
KXNCAAMBGAME-26MAR07CSBCP,401809164
KXNCAAMBGAME-26MAR05UCSDCSF,401809103
KXNCAAMBGAME-26MAR05ACCBU,401805211
KXNCAAMBGAME-26MAR05CSNCSB,401823271
KXNCAAMBGAME-26MAR05ARPBALCN,401827152
KXNCAAMBGAME-26MAR05LINWSEMO,401851528
KXNCAAMBGAME-26MAR05JVSTNMSU,401804959
KXNCAAMBGAME-26MAR05SDSTUST,401851622
KXNCAAMBGAME-26MAR05UTATARL,401805212
KXNCAAMBGAME-26MAR05COOKFAMU,401827126
KXNCAAMBGAME-26MAR05WKUMOSU,401804961
KXNCAAMBGAME-26MAR05INSTVALP,401851486
KXNCAAMBGAME-26MAR05LMDCOLG,401851545
KXNCAAMBGAME-26MAR05MTUFIU,401804962
KXNCAAMBGAME-26MAR04UALRLINW,401851524
KXNCAAMBGAME-26MAR04UMKCORU,401851619
KXNCAAMBGAME-26MAR04PURNW,401825556
KXNCAAMBGAME-26MAR04LCHISLU,401828461
KXNCAAMBGAME-26MAR04WEBBSCUS,401851346
KXNCAAMBGAME-26MAR04SBONGW,401828460
KXNCAAMBGAME-26MAR04UABCHAR,401828256
KXNCAAMBGAME-26MAR04UNFUWGA,401851243
KXNCAAMBGAME-26MAR04MILWDET,401851426
KXNCAAMBGAME-26MAR04STNHLMC,401851516
KXNCAAMBGAME-26MAR04CLEVWRST,401851423
KXNCAAMBGAME-26MAR04FDUMHU,401851515
KXNCAAMBGAME-26MAR04CHSLIU,401851513
KXNCAAMBGAME-26MAR04MINNIND,401825555
KXNCAAMBGAME-26MAR04STETEKY,401851241
KXNCAAMBGAME-26MAR04JACBELL,401851238
KXNCAAMBGAME-26MAR03ARPBJKST,401827151
KXNCAAMBGAME-26MAR03SDSUBSU,401823786
KXNCAAMBGAME-26MAR03GCAFA,401820575
KXNCAAMBGAME-26MAR03ALBYUVM,401812174
KXNCAAMBGAME-26MAR03UKTXAM,401808275
KXNCAAMBGAME-26MAR03HAMPWM,401812097
KXNCAAMBGAME-26MAR03MIZZOKLA,401808280
KXNCAAMBGAME-26MAR03TOLMOH,401814597
KXNCAAMBGAME-26MAR03NCATCAMP,401812098
KXNCAAMBGAME-26MAR03EMUBUFF,401814594
KXNCAAMBGAME-26MAR03TOWSSTON,401812096
KXNCAAMBGAME-26MAR03TENNSCAR,401808278
KXNCAAMBGAME-26MAR03MASSLME,401812177
KXNCAAMBGAME-26MAR02MCNSNICH,401808889
KXNCAAMBGAME-26MAR02NWSTUTRGV,401808947
KXNCAAMBGAME-26MAR02SFAIW,401808975
KXNCAAMBGAME-26MAR02DUKENCST,401820778
KXNCAAMBGAME-26MAR02IUINCLEV,401851421
KXNCAAMBGAME-26MAR01MSUIND,401825550
KXNCAAMBGAME-26MAR01MURRBRAD,401830221
KXNCAAMBGAME-26MAR01SPCMRST,401813344
KXNCAAMBGAME-26MAR01CHARFAU,401828251
KXNCAAMBGAME-26MAR01MRMKNIAG,401813396
KXNCAAMBGAME-26FEB28GCUSU,401823805
KXNCAAMBGAME-26FEB28LBSUCSB,401823339
KXNCAAMBGAME-26FEB28TARLCBU,401805209
KXNCAAMBGAME-26FEB28BSUFRES,401823833
KXNCAAMBGAME-26FEB28ORUUMKC,401818439
KXNCAAMBGAME-26FEB28CSNUCRV,401823270
KXNCAAMBGAME-26FEB28NEOMUST,401818438
KXNCAAMBGAME-26FEB28HAWCSF,401809150
KXNCAAMBGAME-26FEB28STONHOF,401812092
KXNCAAMBGAME-26FEB28MVSUARPB,401827150
KXNCAAMBGAME-26FEB28MCNSUNO,401808888
KXNCAAMBGAME-26FEB28LIBJVST,401804955
KXNCAAMBGAME-26FEB28OKLALSU,401808269
KXNCAAMBGAME-26FEB28JACUNF,401807765
KXNCAAMBGAME-26FEB28YALECLMB,401818336
KXNCAAMBGAME-26FEB28MOSUSHSU,401804954
KXNCAAMBGAME-26FEB28ETAMUTRGV,401808722
KXNCAAMBGAME-26FEB28LAMIW,401820497
KXNCAAMBGAME-26FEB28RICHLCHI,401828452
KXNCAAMBGAME-26FEB28ACUVU,401805208
KXNCAAMBGAME-26FEB28USIUALR,401806510
KXNCAAMBGAME-26FEB28TEXTXAM,401808272
KXNCAAMBGAME-26FEB28LIPEKY,401807766
KXNCAAMBGAME-26FEB28VALPEVAN,401830315
KXNCAAMBGAME-26FEB28LINWWIU,401806509
KXNCAAMBGAME-26FEB28PREWIN,401823964
KXNCAAMBGAME-26FEB28AFAWYO,401830777
KXNCAAMBGAME-26FEB28SCARUGA,401808267
KXNCAAMBGAME-26FEB28COOKSOU,401827036
KXNCAAMBGAME-26FEB28DETOAK,401817688
KXNCAAMBGAME-26FEB28MHUSTNH,401812410
KXNCAAMBGAME-26FEB28PEAYBELL,401807763
KXNCAAMBGAME-26FEB28WMNCAT,401812091
KXNCAAMBGAME-26FEB28CMUBUFF,401814588
KXNCAAMBGAME-26FEB28ORENW,401825546
KXNCAAMBGAME-26FEB28CAMPTOWS,401812089
KXNCAAMBGAME-26FEB28VMICHAT,401809388
KXNCAAMBGAME-26FEB28UNHALBY,401812172
KXNCAAMBGAME-26FEB28UNAUWGA,401807767
KXNCAAMBGAME-26FEB28WEBBSCUS,401823963
KXNCAAMBGAME-26FEB28SBONGMU,401828451
KXNCAAMBGAME-26FEB28NMSUMTU,401804951
KXNCAAMBGAME-26FEB28UMBCMASSL,401812171
KXNCAAMBGAME-26FEB28MIZZMSST,401808270
KXNCAAMBGAME-26FEB28CLEVRMU,401817689
KXNCAAMBGAME-26FEB28LMCNHC,401812349
KXNCAAMBGAME-26FEB28CHSWAG,401812418
KXNCAAMBGAME-26FEB28NCSTND,401820775
KXNCAAMBGAME-26FEB28LMDHC,401820208
KXNCAAMBGAME-26FEB27CCARJMU,401808695
KXNCAAMBGAME-26FEB27BRWNCLMB,401818546
KXNCAAMBGAME-26FEB27MANSPC,401813318
KXNCAAMBGAME-26FEB27QUINNIAG,401813395
KXNCAAMBGAME-26FEB27MOHWMU,401814590
KXNCAAMBGAME-26FEB26UCICSN,401809119
KXNCAAMBGAME-26FEB26CSBUCSD,401809101
KXNCAAMBGAME-26FEB26NDSUUST,401818432
KXNCAAMBGAME-26FEB26UCRVUCSB,401826049
KXNCAAMBGAME-26FEB26ACUTU,401805205
KXNCAAMBGAME-26FEB26EIULINW,401806503
KXNCAAMBGAME-26FEB26MOREUALR,401806504
KXNCAAMBGAME-26FEB26SDSTUMKC,401818433
KXNCAAMBGAME-26FEB26TARLUVU,401805206
KXNCAAMBGAME-26FEB26MHUCCSU,401812658
KXNCAAMBGAME-26FEB26NHCWAG,401812417
KXNCAAMBGAME-26FEB26UNCGCHAT,401809386
KXNCAAMBGAME-26FEB26SCUSRAD,401823960
KXNCAAMBGAME-26FEB26HPPRE,401823958
KXNCAAMBGAME-26FEB26UTEPMTU,401804946
KXNCAAMBGAME-26FEB26STETJAC,401807762
KXNCAAMBGAME-26FEB26CHSLIU,401812378
KXNCAAMBGAME-26FEB26FDULMC,401812331
KXNCAAMBGAME-26FEB26UNCAWEBB,401823959
KXNCAAMBGAME-26FEB26COOKGRAM,401827107
KXNCAAMBGAME-26FEB26DELJVST,401804950
KXNCAAMBGAME-26FEB26MASSLUVM,401812168
KXNCAAMBGAME-26FEB26SFPASTNH,401812399
KXNCAAMBGAME-26FEB26MOSULT,401804948
KXNCAAMBGAME-26FEB26CAMPDREX,401812086
KXNCAAMBGAME-26FEB26ELONTOWS,401812085
KXNCAAMBGAME-26FEB26NEWM,401812082
KXNCAAMBGAME-26FEB26STONMONM,401812399
KXNCAAMBGAME-26FEB26MEALBY,401812167
KXNCAAMBGAME-26FEB25URISBON,401828447
KXNCAAMBGAME-26FEB25UNLVGC,401823804
KXNCAAMBGAME-26FEB25CARKPEAY,401807759
KXNCAAMBGAME-26FEB25TXAMARK,401808259
KXNCAAMBGAME-26FEB25DRKEVALP,401830314
KXNCAAMBGAME-26FEB24XAVPROV,401822958
KXNCAAMBGAME-26FEB25LIPUWGA,401807761
KXNCAAMBGAME-26FEB25NKUCLEV,401817681
KXNCAAMBGAME-26FEB25DETRMU,401817683
KXNCAAMBGAME-26FEB25QUCEKY,401807757
KXNCAAMBGAME-26FEB14MORGSCST,401828693
KXNCAAMBGAME-26FEB25UNTCHAR,401828244
KXNCAAMBGAME-26FEB25NEOMSDAK,401818434
KXNCAAMBGAME-26FEB25NAVYLMD,401820176
KXNCAAMBGAME-26FEB24WAKEBC,401820764
KXNCAAMBGAME-26FEB24SJSUAFA,401820573
KXNCAAMBGAME-26FEB24AUBOKLA,401808262
KXNCAAMBGAME-26FEB24TENNMIZZ,401808257
KXNCAAMBGAME-26FEB24WYOBSU,401823832
KXNCAAMBGAME-26FEB24UKSCAR,401808260
KXNCAAMBGAME-26FEB24NCSTUVA,401820763
KXNCAAMBGAME-26FEB24NWIND,401825536
KXNCAAMBGAME-26FEB24BUFFAKR,401814580
KXNCAAMBGAME-26FEB24SFPANHC,401858739
KXNCAAMBGAME-26FEB24CCARGAST,401808688
KXNCAAMBGAME-26FEB24MOHEMU,401814583
KXNCAAMBGAME-26FEB23UTRGVMCNS,401808887
KXNCAAMBGAME-26FEB23IWNWST,401808945
KXNCAAMBGAME-26FEB22SPCSIE,401813431
KXNCAAMBGAME-26FEB22PFWCLEV,401817678
KXNCAAMBGAME-26FEB22TOWSDREX,401812081
KXNCAAMBGAME-26FEB22GBDET,401817676
KXNCAAMBGAME-26FEB22NIAGRID,401813394
KXNCAAMBGAME-26FEB21CSNLBSU,401823269
KXNCAAMBGAME-26FEB21TXAMOKLA,401808256
KXNCAAMBGAME-26FEB21WYOGC,401823803
KXNCAAMBGAME-26FEB21AMCCMCNS,401808886
KXNCAAMBGAME-26FEB21EKYBELL,401807753
KXNCAAMBGAME-26FEB21NHCFDU,401812330
KXNCAAMBGAME-26FEB21PEAYJAC,401807751
KXNCAAMBGAME-26FEB21BUFFMASS,401814576
KXNCAAMBGAME-26FEB21PVARPB,401827149
KXNCAAMBGAME-26FEB21SBONRICH,401828442
KXNCAAMBGAME-26FEB21USTDEN,401818430
KXNCAAMBGAME-26FEB21AAMUCOOK,401827125
KXNCAAMBGAME-26FEB21IWETAM,401808720
KXNCAAMBGAME-26FEB21UCDUCRV,401809136
KXNCAAMBGAME-26FEB21JVSTSHSU,401804941
KXNCAAMBGAME-26FEB21UTUTARL,401805203
KXNCAAMBGAME-26FEB21PRESCUS,401823955
KXNCAAMBGAME-26FEB21MIZZARK,401808249
KXNCAAMBGAME-26FEB21EVANMURR,401830309
KXNCAAMBGAME-26FEB21SEMOUALR,401806499
KXNCAAMBGAME-26FEB21WINHP,401823957
KXNCAAMBGAME-26FEB21LINWTNTC,401806498
KXNCAAMBGAME-26FEB21UTRGVSELA,401808964
KXNCAAMBGAME-26FEB21UNCWCAMP,401812076
KXNCAAMBGAME-26FEB21SUUAC,401805202
KXNCAAMBGAME-26FEB21HAMPSTON,401812078
KXNCAAMBGAME-26FEB21SJSUBSU,401823831
KXNCAAMBGAME-26FEB21VALPUIC,401830311
KXNCAAMBGAME-26FEB21UWGAQUC,401807756
KXNCAAMBGAME-26FEB21MOSUFIU,401804943
KXNCAAMBGAME-26FEB21UNLVAFA,401820572
KXNCAAMBGAME-26FEB21LMCSTNH,401812348
KXNCAAMBGAME-26FEB21CCSUCHS,401812657
KXNCAAMBGAME-26FEB21DELMTU,401804944
KXNCAAMBGAME-26FEB21LIUMHU,401812377
KXNCAAMBGAME-26FEB21DARTCLMB,401818545
KXNCAAMBGAME-26FEB21UMKCNDSU,401818431
KXNCAAMBGAME-26FEB21MRSHCCAR,401808682
KXNCAAMBGAME-26FEB21MSSTSCAR,401808254
KXNCAAMBGAME-26FEB21ALBYUMBC,401812162
KXNCAAMBGAME-26FEB21CHATCIT,401809379
KXNCAAMBGAME-26FEB21BINGMASSL,401812163
KXNCAAMBGAME-26FEB21ECUCHAR,401828238
KXNCAAMBGAME-26FEB21LCHIJOES,401828441
KXNCAAMBGAME-26FEB20BGSUMOH,401814575
KXNCAAMBGAME-26FEB20INDPUR,401825528
KXNCAAMBGAME-26FEB20SPCIONA,401823851
KXNCAAMBGAME-26FEB20MILWDET,401817675
KXNCAAMBGAME-26FEB20NIAGMSM,401813393
KXNCAAMBGAME-26FEB20CPHAW,401809148
KXNCAAMBGAME-26FEB19UCDCSF,401809135
KXNCAAMBGAME-26FEB19CSBUCRV,401823743
KXNCAAMBGAME-26FEB19CSNUCSB,401823268
KXNCAAMBGAME-26FEB19TXSOARPB,401827148
KXNCAAMBGAME-26FEB19LINWTNST,401806493
KXNCAAMBGAME-26FEB19SUUTARL,401805199
KXNCAAMBGAME-26FEB19UTMUALR,401806494
KXNCAAMBGAME-26FEB19UMKCUND,401818427
KXNCAAMBGAME-26FEB19UNCAHP,401823952
KXNCAAMBGAME-26FEB19ALBYNJIT,401812158
KXNCAAMBGAME-26FEB19FDUCHS,401812329
KXNCAAMBGAME-26FEB19WAGMHU,401812416
KXNCAAMBGAME-26FEB19WEBBRAD,401823950
KXNCAAMBGAME-26FEB19ALSTCOOK,401827124
KXNCAAMBGAME-26FEB19LONGPRE,401823951
KXNCAAMBGAME-26FEB19SCUSWIN,401823953
KXNCAAMBGAME-26FEB19PEAYUNF,401807746
KXNCAAMBGAME-26FEB19CHATMER,401809376
KXNCAAMBGAME-26FEB19WMCAMP,401812073
KXNCAAMBGAME-26FEB19LMCCCSU,401812347
KXNCAAMBGAME-26FEB19STNHNHC,401812409
KXNCAAMBGAME-26FEB19UNHMASSL,401812160
KXNCAAMBGAME-26FEB18BSUUSU,401823830
KXNCAAMBGAME-26FEB18MURRILST,401830306
KXNCAAMBGAME-26FEB18VANMIZZ,401808246
KXNCAAMBGAME-26FEB18KENNMOSU,401804935
KXNCAAMBGAME-26FEB18ORUNEOM,401818425
KXNCAAMBGAME-26FEB18MDNW,401825525
KXNCAAMBGAME-26FEB18CHARTLSA,401828233
KXNCAAMBGAME-26FEB18UWGAEKY,401807750
KXNCAAMBGAME-26FEB18JACFGCU,401807748
KXNCAAMBGAME-26FEB18JMUCCAR,401803638
KXNCAAMBGAME-26FEB18JVSTLT,401804934
KXNCAAMBGAME-26FEB18MTUSHSU,401804937
KXNCAAMBGAME-26FEB18BRADVALP,401830224
KXNCAAMBGAME-26FEB18LCHIFOR,401828435
KXNCAAMBGAME-26FEB18MISSTXAM,401808248
KXNCAAMBGAME-26FEB18OKLATENN,401808247
KXNCAAMBGAME-26FEB18ARMYLMD,401820206
KXNCAAMBGAME-26FEB18JOESSBON,401828436
KXNCAAMBGAME-26FEB18CLEVYSU,401817672
KXNCAAMBGAME-26FEB17GCSDSU,401823782
KXNCAAMBGAME-26FEB17AFAUNM,401820571
KXNCAAMBGAME-26FEB17MOHMASS,401814572
KXNCAAMBGAME-26FEB17UNCNCST,401820752
KXNCAAMBGAME-26FEB17SCARFLA,401808241
KXNCAAMBGAME-26FEB17NIUBUFF,401814573
KXNCAAMBGAME-26FEB17WEBBCHSO,401823930
KXNCAAMBGAME-26FEB16ACTARL,401858742
KXNCAAMBGAME-26FEB16ARPBAAMU,401827147
KXNCAAMBGAME-26FEB16DREXSTON,401812070
KXNCAAMBGAME-26FEB16LAMUTRGV,401808983
KXNCAAMBGAME-26FEB16MCNSNWST,401808885
KXNCAAMBGAME-26FEB16UNOIW,401808914
KXNCAAMBGAME-26FEB16COOKJKST,401827123
KXNCAAMBGAME-26FEB15BELMURR,401830214
KXNCAAMBGAME-26FEB15TOWSMONM,401812067
KXNCAAMBGAME-26FEB15COFCCAMP,401812069
KXNCAAMBGAME-26FEB15EKYUNA,401807740
KXNCAAMBGAME-26FEB15WRSTCLEV,401817669
KXNCAAMBGAME-26FEB15IONANIAG,401813392
KXNCAAMBGAME-26FEB15INSTVALP,401830304
KXNCAAMBGAME-26FEB15FAIRSPC,401823319
KXNCAAMBGAME-26FEB15YSUDET,401817668
KXNCAAMBGAME-26FEB15INDILL,401825518
KXNCAAMBGAME-26FEB15UTSACHAR,401828229
KXNCAAMBGAME-26FEB15DENNEOM,401818423
KXNCAAMBGAME-26FEB15HCLMD,401820205
KXNCAAMBGAME-26FEB14CSFUCI,401809117
KXNCAAMBGAME-26FEB14UCRVUCSD,401809099
KXNCAAMBGAME-26FEB14TEXMIZZ,401808236
KXNCAAMBGAME-26FEB14SCARALA,401808240
KXNCAAMBGAME-26FEB14MTUWKU,401804931
KXNCAAMBGAME-26FEB14USTUMKC,401818422
KXNCAAMBGAME-26FEB14HAWCSN,401809147
KXNCAAMBGAME-26FEB14CLMBPRIN,401818544
KXNCAAMBGAME-26FEB14SFAUTRGV,401808972
KXNCAAMBGAME-26FEB14BELLPEAY,401807739
KXNCAAMBGAME-26FEB14MCNSETAM,401808718
KXNCAAMBGAME-26FEB14SEMOLINW,401806487
KXNCAAMBGAME-26FEB14WCUCHAT,401809368
KXNCAAMBGAME-26FEB14AFAFRES,401820570
KXNCAAMBGAME-26FEB14GCSJSU,401823802
KXNCAAMBGAME-26FEB14NMSUJVST,401804928
KXNCAAMBGAME-26FEB14NICHIW,401808929
KXNCAAMBGAME-26FEB14TARLAC,401805196
KXNCAAMBGAME-26FEB14ARPBALST,401827166
KXNCAAMBGAME-26FEB14UALREIU,401806486
KXNCAAMBGAME-26FEB14DUQSBON,401828426
KXNCAAMBGAME-26FEB14MIANCST,401820741
KXNCAAMBGAME-26FEB14ALBYBING,401812154
KXNCAAMBGAME-26FEB14COOKALCN,401827122
KXNCAAMBGAME-26FEB14UNFJAC,401807742
KXNCAAMBGAME-26FEB14UGAOKLA,401808239
KXNCAAMBGAME-26FEB14DELMOSU,401804933
KXNCAAMBGAME-26FEB14ELONWM,401812068
KXNCAAMBGAME-26FEB14HPWEBB,401823947
KXNCAAMBGAME-26FEB14WAGSTNH,401812408
KXNCAAMBGAME-26FEB14PREUNCA,401823948
KXNCAAMBGAME-26FEB14MHUSFPA,401812397
KXNCAAMBGAME-26FEB14UWGACARK,401807744
KXNCAAMBGAME-26FEB14TXAMVAN,401808238
KXNCAAMBGAME-26FEB14LIUNHC,401812375
KXNCAAMBGAME-26FEB14NWNEB,401825515
KXNCAAMBGAME-26FEB13UNLVBSU,401823829
KXNCAAMBGAME-26FEB13OHIOMOH,401814565
KXNCAAMBGAME-26FEB13SLULCHI,401828425
KXNCAAMBGAME-26FEB13CLMBPENN,401812593
KXNCAAMBGAME-26FEB13MANNIAG,401813316
KXNCAAMBGAME-26FEB12CSFLBSU,401823184
KXNCAAMBGAME-26FEB12UCSBUCRV,401826048
KXNCAAMBGAME-26FEB12LTMOSU,401804925
KXNCAAMBGAME-26FEB12UTAAC,401805193
KXNCAAMBGAME-26FEB12HAWCSB,401809146
KXNCAAMBGAME-26FEB12UALRWIU,401806482
KXNCAAMBGAME-26FEB12CCARULL,401808667
KXNCAAMBGAME-26FEB12UTMLINW,401806481
KXNCAAMBGAME-26FEB12MURRINST,401830299
KXNCAAMBGAME-26FEB12USTNEOM,401818418
KXNCAAMBGAME-26FEB12UMKCORU,401818419
KXNCAAMBGAME-26FEB12VALPILST,401830301
KXNCAAMBGAME-26FEB12HPSCUS,401823942
KXNCAAMBGAME-26FEB12STONTOWS,401812064
KXNCAAMBGAME-26FEB12PRECHSO,401823943
KXNCAAMBGAME-26FEB12RMUCLEV,401817665
KXNCAAMBGAME-26FEB12WMNE,401812061
KXNCAAMBGAME-26FEB12MHULMC,401812345
KXNCAAMBGAME-26FEB12CCSUNHC,401812656
KXNCAAMBGAME-26FEB12DETWRST,401817663
KXNCAAMBGAME-26FEB12WINWEBB,401823945
KXNCAAMBGAME-26FEB12MTUKENN,401804926
KXNCAAMBGAME-26FEB12STNHCHS,401812407
KXNCAAMBGAME-26FEB12BRYMASSL,401812150
KXNCAAMBGAME-26FEB11UNMGC,401823801
KXNCAAMBGAME-26FEB11MIZZTXAM,401808228
KXNCAAMBGAME-26FEB11MICHNW,401825509
KXNCAAMBGAME-26FEB11EKYLIP,401807734
KXNCAAMBGAME-26FEB11JACSTET,401807736
KXNCAAMBGAME-26FEB11PEAYQUC,401807733
KXNCAAMBGAME-26FEB11BUFFBALL,401814559
KXNCAAMBGAME-26FEB11UTEPJVST,401804923
KXNCAAMBGAME-26FEB11CHATETSU,401809363
KXNCAAMBGAME-26FEB11LMDLAF,401820204
KXNCAAMBGAME-26FEB11UWGAUNA,401807738
KXNCAAMBGAME-26FEB10CSUAFA,401820569
KXNCAAMBGAME-26FEB09UNIMURR,401830295
KXNCAAMBGAME-26FEB09HCUMCNS,401808884
KXNCAAMBGAME-26FEB09OREIND,401825505
KXNCAAMBGAME-26FEB09IWSELA,401808963
KXNCAAMBGAME-26FEB09TXSOCOOK,401827121
KXNCAAMBGAME-26FEB09UTRGVNICH,401808928
KXNCAAMBGAME-26FEB09VALPDRKE,401830297
KXNCAAMBGAME-26FEB09NCSTLOU,401820730
KXNCAAMBGAME-26FEB09JKSTARPB,401828666
KXNCAAMBGAME-26JAN26WAGLIU,401812370
KXNCAAMBGAME-26FEB08NWIOWA,401825501
KXNCAAMBGAME-26FEB08CHARMEM,401828217
KXNCAAMBGAME-26FEB08UCSDHAW,401809097
KXNCAAMBGAME-26FEB07BSUUNM,401823828
KXNCAAMBGAME-26FEB07FLATXAM,401808224
KXNCAAMBGAME-26FEB07SDSUAFA,401820568
KXNCAAMBGAME-26FEB07ACCBU,401805190
KXNCAAMBGAME-26FEB07TARLSUU,401805191
KXNCAAMBGAME-26FEB07ORUUST,401818414
KXNCAAMBGAME-26FEB07KENNJVST,401804919
KXNCAAMBGAME-26FEB07MASSLALBY,401812148
KXNCAAMBGAME-26FEB07RADHP,401823941
KXNCAAMBGAME-26FEB07CSBCSF,401823183
KXNCAAMBGAME-26FEB07ALCNARPB,401829688
KXNCAAMBGAME-26FEB07PVCOOK,401827075
KXNCAAMBGAME-26FEB07UTRGVUNO,401808911
KXNCAAMBGAME-26FEB07UNAPEAY,401807730
KXNCAAMBGAME-26FEB07STETEKY,401807732
KXNCAAMBGAME-26FEB07GCUNLV,401823800
KXNCAAMBGAME-26FEB07IWMCNS,401808883
KXNCAAMBGAME-26FEB07BUFFUSA,401845845
KXNCAAMBGAME-26FEB07SIUEUALR,401806476
KXNCAAMBGAME-26FEB07OKLAVAN,401808225
KXNCAAMBGAME-26FEB07STNHLIU,401812373
KXNCAAMBGAME-26FEB07UCRVCSN,401823267
KXNCAAMBGAME-26FEB07MOHMRSH,401845843
KXNCAAMBGAME-26FEB07TOWSHOF,401812056
KXNCAAMBGAME-26FEB07MHUFDU,401812326
KXNCAAMBGAME-26FEB07NESTON,401812054
KXNCAAMBGAME-26FEB07SIESPC,401813428
KXNCAAMBGAME-26FEB07CITCHAT,401809358
KXNCAAMBGAME-26FEB07WEBBPRE,401823939
KXNCAAMBGAME-26FEB07CORCLMB,401818543
KXNCAAMBGAME-26FEB07JACUWGA,401807729
KXNCAAMBGAME-26FEB07NIAGQUIN,401813391
KXNCAAMBGAME-26FEB07DETGB,401817658
KXNCAAMBGAME-26FEB07WMHAMP,401812057
KXNCAAMBGAME-26FEB07CHSOSCUS,401823938
KXNCAAMBGAME-26FEB07CLEVIUIN,401817659
KXNCAAMBGAME-26FEB07CAMPNCAT,401812058
KXNCAAMBGAME-26FEB07MOSULIB,401804922
KXNCAAMBGAME-26FEB07SFPALMC,401812344
KXNCAAMBGAME-26FEB07SBONFOR,401828415
KXNCAAMBGAME-26FEB07MASSCCAR,401845838
KXNCAAMBGAME-26FEB07NEOMNDSU,401818413
KXNCAAMBGAME-26FEB07LMDBU,401820203
KXNCAAMBGAME-26FEB07MIZZSCAR,401808223
KXNCAAMBGAME-26FEB07MTUDEL,401804920
KXNCAAMBGAME-26FEB07VTNCST,401820723
KXNCAAMBGAME-26FEB07WISIND,401825497
KXNCAAMBGAME-26FEB07CHSNHC,401822349
KXNCAAMBGAME-26FEB06MURRSIU,401830292
KXNCAAMBGAME-26FEB06EVANVALP,401830293
KXNCAAMBGAME-26FEB06LCHIDAV,401828413
KXNCAAMBGAME-26FEB05CSNCP,401809161
KXNCAAMBGAME-26FEB05CSBUCI,401809114
KXNCAAMBGAME-26FEB05UCRVCSF,401823182
KXNCAAMBGAME-26FEB05TARLCBU,401805188
KXNCAAMBGAME-26JAN24ETAMNWST,401808712
KXNCAAMBGAME-26FEB05JVSTWKU,401804914
KXNCAAMBGAME-26FEB05ACUVU,401805187
KXNCAAMBGAME-26FEB05LINWUALR,401806471
KXNCAAMBGAME-26FEB05NEOMUND,401818410
KXNCAAMBGAME-26FEB05MERCHAT,401809356
KXNCAAMBGAME-26FEB05FGCUEKY,401807721
KXNCAAMBGAME-26FEB05UNFUWGA,401807725
KXNCAAMBGAME-26FEB05SFPAMHU,401812396
KXNCAAMBGAME-26FEB05STNHFDU,401812325
KXNCAAMBGAME-26FEB05JACQUC,401807722
KXNCAAMBGAME-26FEB05CHSCCSU,401812655
KXNCAAMBGAME-26FEB05LMCWAG,401812343
KXNCAAMBGAME-26FEB05DREXCAMP,401812051
KXNCAAMBGAME-26FEB05NHCLIU,401812372
KXNCAAMBGAME-26FEB05WMUNCW,401812050
KXNCAAMBGAME-26FEB05SPCMAN,401813305
KXNCAAMBGAME-26FEB05MASSLNJIT,401812144
KXNCAAMBGAME-26FEB05ALBYBRY,401812142
KXNCAAMBGAME-26FEB04OKLAUK,401808216
KXNCAAMBGAME-26FEB04NWILL,401825492
KXNCAAMBGAME-26FEB04SDAKUMKC,401818408
KXNCAAMBGAME-26FEB04LIPPEAY,401807723
KXNCAAMBGAME-26FEB04FIUMTU,401804915
KXNCAAMBGAME-26FEB04DETMILW,401817653
KXNCAAMBGAME-26FEB04OAKCLEV,401817654
KXNCAAMBGAME-26FEB04TXAMALA,401808215
KXNCAAMBGAME-26FEB04LONGWEBB,401823935
KXNCAAMBGAME-26FEB04ARSTCCAR,401808656
KXNCAAMBGAME-26FEB04CHSOHP,401823934
KXNCAAMBGAME-26FEB04LEHLMD,401820202
KXNCAAMBGAME-26FEB04CHARWICH,401828209
KXNCAAMBGAME-26FEB04USTSDST,401818409
KXNCAAMBGAME-26FEB04SCUSUNCA,401823936
KXNCAAMBGAME-26FEB03INDUSC,401825491
KXNCAAMBGAME-26FEB03AFAGC,401820567
KXNCAAMBGAME-26FEB03NCSTSMU,401820719
KXNCAAMBGAME-26FEB03NEVBSU,401823827
KXNCAAMBGAME-26FEB03SIUELINW,401806469
KXNCAAMBGAME-26FEB03UICMURR,401830288
KXNCAAMBGAME-26FEB03VALPBRAD,401830227
KXNCAAMBGAME-26FEB03LASLCHI,401828410
KXNCAAMBGAME-26FEB03SCARTEX,401808217
KXNCAAMBGAME-26FEB03SBONDAY,401828408
KXNCAAMBGAME-26FEB03CANNIAG,401813366
KXNCAAMBGAME-26FEB03MOHBUFF,401814556
KXNCAAMBGAME-26JAN26ACTARL,401805178
KXNCAAMBGAME-26JAN25WAGLIU,401812370
KXNCAAMBGAME-26JAN25PFWIUIN,401817640
KXNCAAMBGAME-26FEB02IWAMCC,401820492
KXNCAAMBGAME-26FEB02COOKAAMU,401827120
KXNCAAMBGAME-26FEB02MCNSSFA,401808882
KXNCAAMBGAME-26FEB02HCUUTRGV,401808982
KXNCAAMBGAME-26JAN31ETSUWOF,401809352
KXNCAAMBGAME-26FEB01CLEVMILW,401817650
KXNCAAMBGAME-26FEB01SPCRID,401823850
KXNCAAMBGAME-26FEB01MRSTNIAG,401813338
KXNCAAMBGAME-26JAN31CCARULM,401808649
KXNCAAMBGAME-26FEB01UMKCUST,401829482
KXNCAAMBGAME-26JAN31SAMWCU,401809351
KXNCAAMBGAME-26FEB01CHATFUR,401809348
KXNCAAMBGAME-26JAN31MURRBEL,401830209
KXNCAAMBGAME-26JAN31CSFUCSB,401823181
KXNCAAMBGAME-26JAN31CPUCRV,401809160
KXNCAAMBGAME-26JAN31WASHNW,401825482
KXNCAAMBGAME-26JAN31UCSDCSN,401809095
KXNCAAMBGAME-26JAN31MCNSLAM,401808881
KXNCAAMBGAME-26JAN31GMUSBON,401828404
KXNCAAMBGAME-26JAN31UMBCALBY,401812139
KXNCAAMBGAME-26JAN31NHCSFPA,401812395
KXNCAAMBGAME-26JAN31INDUCLA,401825483
KXNCAAMBGAME-26JAN31UTUTARL,401805185
KXNCAAMBGAME-26JAN31PRINCLMB,401818542
KXNCAAMBGAME-26JAN31UCDCSB,401809131
KXNCAAMBGAME-26JAN31UTRGVIW,401808981
KXNCAAMBGAME-26JAN31PEAYUWGA,401807715
KXNCAAMBGAME-26JAN31EKYCARK,401807716
KXNCAAMBGAME-26JAN31UALRTNTC,401806466
KXNCAAMBGAME-26JAN31ARPBMVSU,401827144
KXNCAAMBGAME-26JAN31WKUMTU,401804910
KXNCAAMBGAME-26JAN31SUUAC,401805184
KXNCAAMBGAME-26JAN31NEOMDEN,401818406
KXNCAAMBGAME-26JAN31MSSTMIZZ,401808211
KXNCAAMBGAME-26JAN31LINWMORE,401806465
KXNCAAMBGAME-26JAN31LMDNAVY,401820169
KXNCAAMBGAME-26JAN31COOKALST,401827119
KXNCAAMBGAME-26JAN31NIUMOH,401814550
KXNCAAMBGAME-26JAN31HPLONG,401823931
KXNCAAMBGAME-26JAN31JVSTMOSU,401804909
KXNCAAMBGAME-26JAN31FGCUJAC,401807717
KXNCAAMBGAME-26JAN31RADPRE,401823932
KXNCAAMBGAME-26JAN31TEXOKLA,401808214
KXNCAAMBGAME-26JAN31OHIOBUFF,401814551
KXNCAAMBGAME-26JAN31HAMPTOWS,401812044
KXNCAAMBGAME-26JAN31MHUCHS,401820220
KXNCAAMBGAME-26JAN31MEMASSL,401812138
KXNCAAMBGAME-26JAN31LSUSCAR,401808212
KXNCAAMBGAME-26JAN31VALPINST,401830287
KXNCAAMBGAME-26JAN31TXAMUGA,401808209
KXNCAAMBGAME-26JAN31CAMPWM,401812046
KXNCAAMBGAME-26JAN31STNHLMC,401812342
KXNCAAMBGAME-26JAN31STONELON,401812042
KXNCAAMBGAME-26JAN31NCSTWAKE,401820713
KXNCAAMBGAME-26JAN30BSUGC,401823799
KXNCAAMBGAME-26JAN30LCHIVCU,401828401
KXNCAAMBGAME-26JAN30MSMSPC,401813414
KXNCAAMBGAME-26JAN30RICECHAR,401828204
KXNCAAMBGAME-26JAN30PENNCLMB,401812590
KXNCAAMBGAME-26JAN30CLEVGB,401817646
KXNCAAMBGAME-26JAN30NKUDET,401817644
KXNCAAMBGAME-26JAN30SIENIAG,401813390
KXNCAAMBGAME-26JAN25SIUEVAN,401830280
KXNCAAMBGAME-26JAN29GASOULM,401808646
KXNCAAMBGAME-26JAN29LBSUUCRV,401823338
KXNCAAMBGAME-26JAN29UCDCSN,401809130
KXNCAAMBGAME-26JAN29CPCSB,401809159
KXNCAAMBGAME-26JAN29UNCWTOWS,401812037
KXNCAAMBGAME-26JAN29PREHP,401823928
KXNCAAMBGAME-26JAN29LINWUSI,401822398
KXNCAAMBGAME-26JAN29UALRTNST,401806461
KXNCAAMBGAME-26JAN29UVUTARL,401805182
KXNCAAMBGAME-26JAN29CCARUSA,401808644
KXNCAAMBGAME-26JAN29UTUAC,401805181
KXNCAAMBGAME-26JAN29UNDUST,401818403
KXNCAAMBGAME-26JAN29LMCLIU,401812341
KXNCAAMBGAME-26JAN29PSUNW,401825480
KXNCAAMBGAME-26JAN29LIPJAC,401807712
KXNCAAMBGAME-26JAN29LONGSCUS,401823927
KXNCAAMBGAME-26JAN29FDUSTNH,401812323
KXNCAAMBGAME-26JAN29NHCMHU,401820219
KXNCAAMBGAME-26JAN29STONCAMP,401812041
KXNCAAMBGAME-26JAN29WMELON,401812040
KXNCAAMBGAME-26JAN29LIBMTU,401804901
KXNCAAMBGAME-26JAN29NJITALBY,401812137
KXNCAAMBGAME-26JAN29WEBBUNCA,401823926
KXNCAAMBGAME-26JAN29WOFCHAT,401809343
KXNCAAMBGAME-26JAN29MASSLUNH,401812136
KXNCAAMBGAME-26JAN28FLASCAR,401808203
KXNCAAMBGAME-26JAN28ILSTMURR,401830283
KXNCAAMBGAME-26JAN28SDSTNEOM,401818401
KXNCAAMBGAME-26JAN28DENUMKC,401818402
KXNCAAMBGAME-26JAN28BELVALP,401830208
KXNCAAMBGAME-26JAN28SHSUMOSU,401804903
KXNCAAMBGAME-26JAN27TENNUGA,401808201
KXNCAAMBGAME-26JAN28UWGABELL,401807711
KXNCAAMBGAME-26JAN28PEAYEKY,401807709
KXNCAAMBGAME-26JAN28CHARTEM,401828198
KXNCAAMBGAME-26JAN28JVSTFIU,401804906
KXNCAAMBGAME-26JAN28AMERLMD,401820201
KXNCAAMBGAME-26JAN28SBONDUQ,401828398
KXNCAAMBGAME-26JAN27MVSUSOU,401827027
KXNCAAMBGAME-26JAN27GCNEV,401823798
KXNCAAMBGAME-26JAN27BSUSJSU,401823826
KXNCAAMBGAME-26JAN27MASSMOH,401814543
KXNCAAMBGAME-26JAN27PURIND,401825473
KXNCAAMBGAME-26JAN27JOESLCHI,401828395
KXNCAAMBGAME-26JAN26IWHCU,401820479
KXNCAAMBGAME-26JAN27IWHCU,401820479
KXNCAAMBGAME-26JAN27MIZZALA,401808204
KXNCAAMBGAME-26JAN27ARKOKLA,401808206
KXNCAAMBGAME-26JAN27BUFFBGSU,401814540
KXNCAAMBGAME-26JAN27MCNSSELA,401808880
KXNCAAMBGAME-26JAN27SYRNCST,401820702
KXNCAAMBGAME-26JAN26ETAMLAM,401808713
KXNCAAMBGAME-26JAN26UNONICH,401808909
KXNCAAMBGAME-26JAN26ALSTTXSO,401827164
KXNCAAMBGAME-26JAN26AAMUPV,401827053
KXNCAAMBGAME-26JAN26UTRGVAMCC,401808980
KXNCAAMBGAME-26JAN25CCSUSTNH,401812406
KXNCAAMBGAME-26JAN26ALCNCOOK,401827118
KXNCAAMBGAME-26JAN25LMCFDU,401812322
KXNCAAMBGAME-26JAN26LMCFDU,401812322
KXNCAAMBGAME-26JAN25CSNHAW,401809144
KXNCAAMBGAME-26JAN24GCFRES,401823797
KXNCAAMBGAME-26JAN24NEOMUMKC,401818399
KXNCAAMBGAME-26JAN24CSFCP,401809158
KXNCAAMBGAME-26JAN24NWUCLA,401825469
KXNCAAMBGAME-26JAN24ARPBSOU,401827026
KXNCAAMBGAME-26JAN24UCRVUCD,401809129
KXNCAAMBGAME-26JAN24AMCCIW,401820491
KXNCAAMBGAME-26JAN24MURRUNI,401830279
KXNCAAMBGAME-26JAN24UTRGVHCU,401808979
KXNCAAMBGAME-26JAN24AFABSU,401820565
KXNCAAMBGAME-26JAN24MOSUUTEP,401804899
KXNCAAMBGAME-26JAN24JKSTCOOK,401827117
KXNCAAMBGAME-26JAN24OAKDET,401817639
KXNCAAMBGAME-26JAN24TNSTLINW,401806454
KXNCAAMBGAME-26JAN24UNOMCNS,401808879
KXNCAAMBGAME-26JAN24EKYJAC,401807705
KXNCAAMBGAME-26JAN24SPCMRMK,401823849
KXNCAAMBGAME-26JAN24OKLAMIZZ,401808196
KXNCAAMBGAME-26JAN24WINPRE,401823925
KXNCAAMBGAME-26JAN24BUCKLMD,401820200
KXNCAAMBGAME-26JAN24QUCUWGA,401807707
KXNCAAMBGAME-26JAN24DUQLCHI,401828390
KXNCAAMBGAME-26JAN24CLMBDART,401818541
KXNCAAMBGAME-26JAN24ALBYUNH,401812130
KXNCAAMBGAME-26JAN24USTSDAK,401818400
KXNCAAMBGAME-26JAN24CHATSAM,401809339
KXNCAAMBGAME-26JAN24USMCCAR,401808635
KXNCAAMBGAME-26JAN24MASSLUMBC,401812132
KXNCAAMBGAME-26JAN24SCARTXAM,401808197
KXNCAAMBGAME-26JAN24TOWSNCAT,401812033
KXNCAAMBGAME-26JAN24MONMCAMP,401812032
KXNCAAMBGAME-26JAN24NCSTPITT,401820693
KXNCAAMBGAME-26JAN24HOFWM,401812031
KXNCAAMBGAME-26JAN24NIAGSHU,401813389
KXNCAAMBGAME-26JAN24WIUUSI,401806457
KXNCAAMBGAME-26JAN24CHSOLONG,401823922
KXNCAAMBGAME-26JAN23TULNCHAR,401828194
KXNCAAMBGAME-26JAN23WAGLMC,401812340
KXNCAAMBGAME-26JAN23HPRAD,401823923
KXNCAAMBGAME-26JAN23MASSBUFF,401814538
KXNCAAMBGAME-26JAN24MTUJVST,401804897
KXNCAAMBGAME-26JAN23MTUJVST,401804897
KXNCAAMBGAME-26JAN23SCUSWEBB,401823924
KXNCAAMBGAME-26JAN23CHSSFPA,401812392
KXNCAAMBGAME-26JAN23LIUSTNH,401812369
KXNCAAMBGAME-26JAN23SLUSBON,401828387
KXNCAAMBGAME-26JAN23INDRUTG,401825465
KXNCAAMBGAME-26JAN23STETPEAY,401807708
KXNCAAMBGAME-26JAN23MHUNHC,401820217
KXNCAAMBGAME-26JAN23CSBHAW,401809143
KXNCAAMBGAME-26JAN22UCIUCRV,401809112
KXNCAAMBGAME-26JAN22LBSUCSF,401823180
KXNCAAMBGAME-26JAN22MOSUNMSU,401804894
KXNCAAMBGAME-26JAN22SDSTUST,401818396
KXNCAAMBGAME-26JAN22UALRSEMO,401806450
KXNCAAMBGAME-26JAN22TNTCLINW,401806449
KXNCAAMBGAME-26JAN22TXSTCCAR,401808629
KXNCAAMBGAME-26JAN22EKYUNF,401807700
KXNCAAMBGAME-26JAN22BELLJAC,401807698
KXNCAAMBGAME-26JAN22UNCWWM,401812029
KXNCAAMBGAME-26JAN22CAMPCOFC,401812028
KXNCAAMBGAME-26JAN22TOWSELON,401812027
KXNCAAMBGAME-26JAN22NIAGFAIR,401813388
KXNCAAMBGAME-26JAN22STONNE,401812024
KXNCAAMBGAME-26JAN22ALBYME,401812126
KXNCAAMBGAME-26JAN22UVMMASSL,401812129
KXNCAAMBGAME-26JAN22CARKUWGA,401807699
KXNCAAMBGAME-26JAN22FGCUPEAY,401807701
KXNCAAMBGAME-26JAN21SDSUGC,401823776
KXNCAAMBGAME-26JAN21NWUSC,401825462
KXNCAAMBGAME-26JAN21MSSTTXAM,401808187
KXNCAAMBGAME-26JAN21TARLUTA,401805175
KXNCAAMBGAME-26JAN21SDAKNEOM,401818393
KXNCAAMBGAME-26JAN21SIUVALP,401830277
KXNCAAMBGAME-26JAN21MURRDRKE,401830275
KXNCAAMBGAME-26JAN21CHSOPRE,401823918
KXNCAAMBGAME-26JAN21PFWDET,401817632
KXNCAAMBGAME-26JAN21CLEVWRST,401817633
KXNCAAMBGAME-26JAN21ETSUCHAT,401809333
KXNCAAMBGAME-26JAN21WEBBLONG,401823919
KXNCAAMBGAME-26JAN21UNCASCUS,401823921
KXNCAAMBGAME-26JAN20MACUSCST,401829285
KXNCAAMBGAME-26JAN20UGAMIZZ,401808190
KXNCAAMBGAME-26JAN20AFACSU,401820564
KXNCAAMBGAME-26JAN20BSUWYO,401823825
KXNCAAMBGAME-26JAN20MOHKENT,401814531
KXNCAAMBGAME-26JAN20OKLASCAR,401808191
KXNCAAMBGAME-26JAN20NCSTCLEM,401820685
KXNCAAMBGAME-26JAN20LCHISBON,401828383
KXNCAAMBGAME-26JAN20INDMICH,401825456
KXNCAAMBGAME-26JAN20AKRBUFF,401814528
KXNCAAMBGAME-26JAN19SELAUTRGV,401808959
KXNCAAMBGAME-26JAN19LMDLEH,401820199
KXNCAAMBGAME-26JAN19COOKARPB,401827141
KXNCAAMBGAME-26JAN19ETAMIW,401808711
KXNCAAMBGAME-26JAN19MCHOW,401830241
KXNCAAMBGAME-26JAN19MCNSAMCC,401808878
KXNCAAMBGAME-26JAN19LIULMC,401812339
KXNCAAMBGAME-26JAN19CLMBYALE,401818310
KXNCAAMBGAME-26JAN19IONASPC,401823848
KXNCAAMBGAME-26JAN19MSMNIAG,401813387
KXNCAAMBGAME-26JAN19CCSUMHU,401812654
KXNCAAMBGAME-26JAN19UVMALBY,401812125
KXNCAAMBGAME-26JAN19DREXTOWS,401812019
KXNCAAMBGAME-26JAN19STNHSFPA,401812391
KXNCAAMBGAME-26JAN18BBCEIU,401843145
KXNCAAMBGAME-26JAN18CHARECU,401828180
KXNCAAMBGAME-26JAN17TARLUTU,401805173
KXNCAAMBGAME-26JAN17ACSUU,401805172
KXNCAAMBGAME-26JAN17CSFUCRV,401823179
KXNCAAMBGAME-26JAN17NEOMORU,401818390
KXNCAAMBGAME-26JAN17LBSUCSN,401823266
KXNCAAMBGAME-26JAN17CAMPUNCW,401812022
KXNCAAMBGAME-26JAN17BELLEKY,401807692
KXNCAAMBGAME-26JAN17PEAYLIP,401807691
KXNCAAMBGAME-26JAN17SCUSHP,401823916
KXNCAAMBGAME-26JAN17TXAMTEX,401808183
KXNCAAMBGAME-26JAN17FAMUARPB,401827140
KXNCAAMBGAME-26JAN17MOSUMTU,401804890
KXNCAAMBGAME-26JAN17COOKMVSU,401827115
KXNCAAMBGAME-26JAN17MCNSUTRGV,401808877
KXNCAAMBGAME-26JAN17LTJVST,401804888
KXNCAAMBGAME-26JAN17UMKCSDST,401818392
KXNCAAMBGAME-26JAN17MIZZLSU,401808179
KXNCAAMBGAME-26JAN17NWSTIW,401808939
KXNCAAMBGAME-26JAN17INSTMURR,401830272
KXNCAAMBGAME-26JAN17COFCSTON,401812021
KXNCAAMBGAME-26JAN17LINWUTM,401806442
KXNCAAMBGAME-26JAN17NEBNW,401825448
KXNCAAMBGAME-26JAN17UCSDCSB,401809091
KXNCAAMBGAME-26JAN17WIUUALR,401806443
KXNCAAMBGAME-26JAN17NEVAFA,401820563
KXNCAAMBGAME-26JAN17CCARGASO,401808622
KXNCAAMBGAME-26JAN17SBONLAS,401828378
KXNCAAMBGAME-26JAN17JACUNA,401807693
KXNCAAMBGAME-26JAN17UNIVALP,401830273
KXNCAAMBGAME-26JAN17USUGC,401823796
KXNCAAMBGAME-26JAN17DETIUIN,401817626
KXNCAAMBGAME-26JAN17CLMBBRWN,401818540
KXNCAAMBGAME-26JAN17PREWEBB,401823915
KXNCAAMBGAME-26JAN17UWGAFGCU,401807696
KXNCAAMBGAME-26JAN17YSUCLEV,401817627
KXNCAAMBGAME-26JAN17STNHMHU,401812405
KXNCAAMBGAME-26JAN17IOWAIND,401825447
KXNCAAMBGAME-26JAN17LMCCHS,401812338
KXNCAAMBGAME-26JAN17RIDSPC,401823847
KXNCAAMBGAME-26JAN17BUFFMOH,401814522
KXNCAAMBGAME-26JAN17USTNDSU,401818391
KXNCAAMBGAME-26JAN17ALAOKLA,401808184
KXNCAAMBGAME-26JAN17BULMD,401820198
KXNCAAMBGAME-26JAN17WAGNHC,401812413
KXNCAAMBGAME-26JAN17CHATWCU,401809332
KXNCAAMBGAME-26JAN17GTNCST,401820678
KXNCAAMBGAME-26JAN16CSUBSU,401830828
KXNCAAMBGAME-26JAN16LCHIDAY,401828376
KXNCAAMBGAME-26JAN15UCRVLBSU,401823336
KXNCAAMBGAME-26JAN15CSNUCSD,401809090
KXNCAAMBGAME-26JAN15UCSBCSB,401823742
KXNCAAMBGAME-26JAN15CSFUCD,401809128
KXNCAAMBGAME-26JAN15LINWSEMO,401806438
KXNCAAMBGAME-26JAN15TARLSUU,401805170
KXNCAAMBGAME-26JAN15EIUUALR,401806437
KXNCAAMBGAME-26JAN15EKYPEAY,401807686
KXNCAAMBGAME-26JAN15USTUND,401818387
KXNCAAMBGAME-26JAN15CBUAC,401805169
KXNCAAMBGAME-26JAN15UMKCSDAK,401818388
KXNCAAMBGAME-26JAN15COFCTOWS,401812017
KXNCAAMBGAME-26JAN15JACCARK,401807687
KXNCAAMBGAME-26JAN15GBCLEV,401817621
KXNCAAMBGAME-26JAN15DETNKU,401817622
KXNCAAMBGAME-26JAN15UWGASTET,401807690
KXNCAAMBGAME-26JAN15HOFSTON,401812013
KXNCAAMBGAME-26JAN15NCATWM,401812015
KXNCAAMBGAME-26JAN15BINGALBY,401812118
KXNCAAMBGAME-26JAN15NJITMASSL,401812121
KXNCAAMBGAME-26JAN14SCARARK,401808173
KXNCAAMBGAME-26JAN14ILLNW,401825442
KXNCAAMBGAME-26JAN14MOSUWKU,401804882
KXNCAAMBGAME-26JAN14AUBMIZZ,401808171
KXNCAAMBGAME-26JAN14MTULT,401804881
KXNCAAMBGAME-26JAN14CCARMRSH,401808614
KXNCAAMBGAME-26JAN14SPCQUIN,401820588
KXNCAAMBGAME-26JAN14SCUSCHSO,401823913
KXNCAAMBGAME-26JAN14UNCAPRE,401823912
KXNCAAMBGAME-26JAN14COLGLMD,401820197
KXNCAAMBGAME-26JAN14SHSUJVST,401804879
KXNCAAMBGAME-26JAN14SBONJOES,401828375
KXNCAAMBGAME-26JAN14TLSACHAR,401828174
KXNCAAMBGAME-26JAN14RADWEBB,401823911
KXNCAAMBGAME-26JAN14NIAGCAN,401813361
KXNCAAMBGAME-26JAN14HPWIN,401823910
KXNCAAMBGAME-26JAN14CHATWOF,401809325
KXNCAAMBGAME-26JAN13BSUUNLV,401823823
KXNCAAMBGAME-26JAN13AFASJSU,401820562
KXNCAAMBGAME-26JAN13FLAOKLA,401808172
KXNCAAMBGAME-26JAN13GCUNM,401823795
KXNCAAMBGAME-26JAN13TXAMTENN,401808175
KXNCAAMBGAME-26JAN13VALPBEL,401830205
KXNCAAMBGAME-26JAN13INDMSU,401825438
KXNCAAMBGAME-26JAN13CMUMOH,401814517
KXNCAAMBGAME-26JAN13GMULCHI,401828370
KXNCAAMBGAME-26JAN13KENTBUFF,401814518
KXNCAAMBGAME-26JAN12UTRGVNWST,401808938
KXNCAAMBGAME-26JAN12NICHMCNS,401808876
KXNCAAMBGAME-26JAN12ARPBPV,401827049
KXNCAAMBGAME-26JAN12SOUCOOK,401827024
KXNCAAMBGAME-26JAN12IWSFA,401808969
KXNCAAMBGAME-26JAN11NWRUTG,401825436
KXNCAAMBGAME-26JAN11CHARRICE,401828170
KXNCAAMBGAME-26JAN11MRMKSPC,401823846
KXNCAAMBGAME-26JAN11NIAGMAN,401813302
KXNCAAMBGAME-26JAN11CLEVDET,401817620
KXNCAAMBGAME-26JAN10USUBSU,401823822
KXNCAAMBGAME-26JAN10SJSUGC,401823794
KXNCAAMBGAME-26JAN10USTORU,401818384
KXNCAAMBGAME-26JAN10UNDUMKC,401818381
KXNCAAMBGAME-26JAN10MTUNMSU,401804875
KXNCAAMBGAME-26JAN10UCSDUCRV,401809089
KXNCAAMBGAME-26JAN10CAMPELON,401812011
KXNCAAMBGAME-26JAN10CSBLBSU,401823335
KXNCAAMBGAME-26JAN10IWLAM,401820496
KXNCAAMBGAME-26JAN10CSNCSF,401823178
KXNCAAMBGAME-26JAN10MIZZMISS,401808164
KXNCAAMBGAME-26JAN10UNCWSTON,401812012
KXNCAAMBGAME-26JAN10UTRGVETAM,401808708
KXNCAAMBGAME-26JAN10GRAMCOOK,401827096
KXNCAAMBGAME-26JAN10JVSTKENN,401804873
KXNCAAMBGAME-26JAN10ARPBTXSO,401827138
KXNCAAMBGAME-26JAN10FIUMOSU,401804876
KXNCAAMBGAME-26JAN10LMDBUCK,401820196
KXNCAAMBGAME-26JAN10SELAMCNS,401808875
KXNCAAMBGAME-26JAN10UALRLINW,401806432
KXNCAAMBGAME-26JAN10SAMCHAT,401809318
KXNCAAMBGAME-26JAN10OKLATXAM,401808166
KXNCAAMBGAME-26JAN10CARKEKY,401807680
KXNCAAMBGAME-26JAN10VALPMURR,401830267
KXNCAAMBGAME-26JAN10ACUTA,401805166
KXNCAAMBGAME-26JAN10LCHIGW,401828366
KXNCAAMBGAME-26JAN10UGASCAR,401808165
KXNCAAMBGAME-26JAN10UNMAFA,401820561
KXNCAAMBGAME-26JAN10PRELONG,401823907
KXNCAAMBGAME-26JAN10UWGAJAC,401807684
KXNCAAMBGAME-26JAN10CHSSTNH,401812404
KXNCAAMBGAME-26JAN10HPCHSO,401823906
KXNCAAMBGAME-26JAN10NDSUNEOM,401818382
KXNCAAMBGAME-26JAN10BRYALBY,401812114
KXNCAAMBGAME-26JAN10BUFFOHIO,401814512
KXNCAAMBGAME-26JAN10MASSLBING,401812116
KXNCAAMBGAME-26JAN10PEAYSTET,401807679
KXNCAAMBGAME-26JAN10TOWSNE,401812008
KXNCAAMBGAME-26JAN10CCSULMC,401812337
KXNCAAMBGAME-26JAN10APPCCAR,401808607
KXNCAAMBGAME-26JAN10HARVCLMB,401812614
KXNCAAMBGAME-26JAN10WMDREX,401812009
KXNCAAMBGAME-26JAN10FDUNHC,401812318
KXNCAAMBGAME-26JAN10MHUWAG,401812412
KXNCAAMBGAME-26JAN10FORSBON,401828364
KXNCAAMBGAME-26JAN10NEBIND,401825431
KXNCAAMBGAME-26JAN09SPCMSM,401813410
KXNCAAMBGAME-26JAN09WRSTDET,401817614
KXNCAAMBGAME-26JAN09NIAGIONA,401813386
KXNCAAMBGAME-26JAN09CLEVOAK,401817615
KXNCAAMBGAME-26JAN09MOHTOL,401814515
KXNCAAMBGAME-26JAN09BRSTYSU,401823007
KXNCAAMBGAME-26JAN08CPCSN,401809156
KXNCAAMBGAME-26JAN08CSFUCSD,401809088
KXNCAAMBGAME-26JAN08MTUUTEP,401804870
KXNCAAMBGAME-26JAN08UCRVCSB,401823741
KXNCAAMBGAME-26JAN08UNDNEOM,401818378
KXNCAAMBGAME-26JAN08ACTARL,401805163
KXNCAAMBGAME-26JAN08NDSUUMKC,401818379
KXNCAAMBGAME-26JAN08UALRSIUE,401806427
KXNCAAMBGAME-26JAN08PEAYFGCU,401807673
KXNCAAMBGAME-26JAN08QUCJAC,401807677
KXNCAAMBGAME-26JAN08STNHCCSU,401812403
KXNCAAMBGAME-26JAN08MHULIU,401812367
KXNCAAMBGAME-26JAN08UWGAUNF,401807678
KXNCAAMBGAME-26JAN08NHCLMC,401812336
KXNCAAMBGAME-26JAN08ODUCCAR,401808603
KXNCAAMBGAME-26JAN08UNAEKY,401807676
KXNCAAMBGAME-26JAN08HAMPCAMP,401812004
KXNCAAMBGAME-26JAN08WMMONM,401812003
KXNCAAMBGAME-26JAN08STONDREX,401812001
KXNCAAMBGAME-26JAN08NWMSU,401825428
KXNCAAMBGAME-26JAN08MASSLBRY,401812112
KXNCAAMBGAME-26JAN08HOFTOWS,401812002
KXNCAAMBGAME-26JAN07GCBSU,401823793
KXNCAAMBGAME-26JAN07DAVLCHI,401828357
KXNCAAMBGAME-26JAN07SDAKUST,401818377
KXNCAAMBGAME-26JAN07MURREVAN,401830262
KXNCAAMBGAME-26JAN07ILSTVALP,401830264
KXNCAAMBGAME-26JAN07CHARUTSA,401828163
KXNCAAMBGAME-26JAN07PRERAD,401823905
KXNCAAMBGAME-26JAN07MIZZUK,401808157
KXNCAAMBGAME-26JAN07RICHSBON,401828361
KXNCAAMBGAME-26JAN07WEBBHP,401823903
KXNCAAMBGAME-26JAN07OKLAMSST,401808154
KXNCAAMBGAME-26JAN07FIUJVST,401804867
KXNCAAMBGAME-26JAN07INDMD,401825425
KXNCAAMBGAME-26JAN07LMDARMY,401820195
KXNCAAMBGAME-26JAN07FURCHAT,401809313
KXNCAAMBGAME-26JAN06TXAMAUB,401808156
KXNCAAMBGAME-26JAN06NCSTBC,401820651
KXNCAAMBGAME-26JAN06USUAFA,401820560
KXNCAAMBGAME-26JAN06LINWSIUE,401806425
KXNCAAMBGAME-26JAN06WMUMOH,401814509
KXNCAAMBGAME-26JAN06SCARLSU,401808158
KXNCAAMBGAME-26JAN05IWUTRGV,401808978
KXNCAAMBGAME-26JAN05SFAMCNS,401808874
KXNCAAMBGAME-26JAN05WMCOFC,401811998
KXNCAAMBGAME-26JAN05ALSTARPB,401827137
KXNCAAMBGAME-26JAN05CLMBCOR,401818539
KXNCAAMBGAME-26JAN04WASHIND,401825418
KXNCAAMBGAME-26JAN04BRADMURR,401830235
KXNCAAMBGAME-26JAN04STNHWAG,401812402
KXNCAAMBGAME-26JAN04UICVALP,401830261
KXNCAAMBGAME-26JAN04NMSUMOSU,401804861
KXNCAAMBGAME-26JAN04LIUCHS,401812366
KXNCAAMBGAME-26JAN04CLEVPFW,401817607
KXNCAAMBGAME-26JAN04JVSTLIB,401804865
KXNCAAMBGAME-26JAN04SHSUMTU,401804863
KXNCAAMBGAME-26JAN04DENUST,401818376
KXNCAAMBGAME-26JAN03BSUSDSU,401823771
KXNCAAMBGAME-26JAN03FLAMIZZ,401808147
KXNCAAMBGAME-26JAN03CSUGC,401823792
KXNCAAMBGAME-26JAN03UMKCNEOM,401818375
KXNCAAMBGAME-26JAN03WICHCHAR,401828156
KXNCAAMBGAME-26JAN03UCICSF,401809108
KXNCAAMBGAME-26JAN03AAMUARPB,401827136
KXNCAAMBGAME-26JAN03MONMTOWS,401811997
KXNCAAMBGAME-26JAN03AMCCUTRGV,401808977
KXNCAAMBGAME-26JAN03CSBUCD,401809125
KXNCAAMBGAME-26JAN03CBUTARL,401805161
KXNCAAMBGAME-26JAN03JACPEAY,401807670
KXNCAAMBGAME-26JAN03MINNNW,401825415
KXNCAAMBGAME-26JAN03AFAUNLV,401820559
KXNCAAMBGAME-26JAN03HCUIW,401820476
KXNCAAMBGAME-26JAN03LAFLMD,401820194
KXNCAAMBGAME-26JAN03USILINW,401806421
KXNCAAMBGAME-26JAN03TNSTUALR,401806422
KXNCAAMBGAME-26JAN03FAMUCOOK,401827114
KXNCAAMBGAME-26JAN03LSUTXAM,401808149
KXNCAAMBGAME-26JAN03UCSBCSN,401823265
KXNCAAMBGAME-26JAN03NCATSTON,401812000
KXNCAAMBGAME-26JAN03WEBBWIN,401823898
KXNCAAMBGAME-26JAN03UVUAC,401805160
KXNCAAMBGAME-26JAN03AKRMOH,401814498
KXNCAAMBGAME-26JAN03MISSOKLA,401808151
KXNCAAMBGAME-26JAN03DAYLCHI,401828351
KXNCAAMBGAME-26JAN03SCUSPRE,401823901
KXNCAAMBGAME-26JAN03ALBYMASSL,401812106
KXNCAAMBGAME-26JAN03EKYUWGA,401807668
KXNCAAMBGAME-26JAN03BALLBUFF,401814499
KXNCAAMBGAME-26JAN03LONGHP,401823899
KXNCAAMBGAME-26JAN03VANSCAR,401808148
KXNCAAMBGAME-26JAN03GASTCCAR,401808596
KXNCAAMBGAME-26JAN03CHATVMI,401809232
KXNCAAMBGAME-26JAN03NECAMP,401811995
KXNCAAMBGAME-26JAN03UVANCST,401820646
KXNCAAMBGAME-26JAN02FDUMHU,401812315
KXNCAAMBGAME-26JAN02RMUDET,401817605
KXNCAAMBGAME-26JAN02UTEPMOSU,401804856
KXNCAAMBGAME-26JAN02LTMTU,401804858
KXNCAAMBGAME-26JAN02LAMMCNS,401808873
KXNCAAMBGAME-26JAN02MRSTSPC,401813329
KXNCAAMBGAME-26JAN02WAGCHS,401812411
KXNCAAMBGAME-26JAN02JVSTDEL,401804859
KXNCAAMBGAME-26JAN02LMCSFPA,401812334
KXNCAAMBGAME-26JAN02NHCSTNH,401812401
KXNCAAMBGAME-26JAN02SHUNIAG,401813384
KXNCAAMBGAME-26JAN01UCSBCSF,401823177
KXNCAAMBGAME-26JAN01MURRUIC,401830256
KXNCAAMBGAME-26JAN01UNFPEAY,401807665
KXNCAAMBGAME-26JAN01UVUTARL,401805158
KXNCAAMBGAME-26JAN01EKYQUC,401807662
KXNCAAMBGAME-26JAN01UTUAC,401805157
KXNCAAMBGAME-26JAN01HAWUCRV,401809140
KXNCAAMBGAME-26JAN01BELLUWGA,401807661
KXNCAAMBGAME-26JAN01TNTCUALR,401806417
KXNCAAMBGAME-26JAN01UCICSB,401809107
KXNCAAMBGAME-26JAN01CSNUCD,401809124
KXNCAAMBGAME-26JAN01MORELINW,401806416
KXNCAAMBGAME-26JAN01CHATUNCG,401809226
KXNCAAMBGAME-26JAN01VALPSIU,401830258
KXNCAAMBGAME-26JAN01JACLIP,401807664
KXNCAAMBGAME-26JAN01GASOCCAR,401808592
KXNCAAMBGAME-25DEC31NICHUTRGV,401808921
KXNCAAMBGAME-25DEC31UMKCDEN,401818330
KXNCAAMBGAME-25DEC31CHSOWEBB,401823874
KXNCAAMBGAME-25DEC31RADSCUS,401823896
KXNCAAMBGAME-25DEC31TOWSHAMP,401811992
KXNCAAMBGAME-25DEC31SBONVCU,401828348
KXNCAAMBGAME-25DEC31HPUNCA,401823895
KXNCAAMBGAME-25DEC31CAMPMONM,401811993
KXNCAAMBGAME-25DEC31STONWM,401811990
KXNCAAMBGAME-25DEC31LMDAMER,401820193
KXNCAAMBGAME-25DEC30BUFFNIU,401814493
KXNCAAMBGAME-25DEC31LCHIURI,401828347
KXNCAAMBGAME-25DEC31WAKENCST,401820638
KXNCAAMBGAME-25DEC30UNMBSU,401823821
KXNCAAMBGAME-25DEC30LINCALBSU,401823334
KXNCAAMBGAME-25DEC30ARKTARST,401829485
KXNCAAMBGAME-25DEC30MOHBGSU,401814494
KXNCAAMBGAME-25DEC30TEMCHAR,401828151
KXNCAAMBGAME-25DEC30ALBYSCAR,401828273
KXNCAAMBGAME-25DEC30HOWNW,401826936
KXNCAAMBGAME-25DEC30WYOAFA,401820558
KXNCAAMBGAME-25DEC30SELAIW,401820495
KXNCAAMBGAME-25DEC29PVTXAM,401827046
KXNCAAMBGAME-25DEC29UNOUTRGV,401808902
KXNCAAMBGAME-25DEC29MVSUOKLA,401826782
KXNCAAMBGAME-25DEC29TARLUTA,401805154
KXNCAAMBGAME-25DEC29MTUHOU,401823001
KXNCAAMBGAME-25DEC29VALPUNI,401830254
KXNCAAMBGAME-25DEC29IUINCLEV,401817596
KXNCAAMBGAME-25DEC29COOKOKST,401813297
KXNCAAMBGAME-25DEC29MCNSMICH,401826084
KXNCAAMBGAME-25DEC29WKUJVST,401804832
KXNCAAMBGAME-25DEC29SIUMURR,401830253
KXNCAAMBGAME-25DEC29SPCFAIR,401823315
KXNCAAMBGAME-25DEC29STONHAMP,401811984
KXNCAAMBGAME-25DEC29CAMPHOF,401811985
KXNCAAMBGAME-25DEC29DETYSU,401817599
KXNCAAMBGAME-25DEC29TOWSWM,401811987
KXNCAAMBGAME-25DEC29MASSLIOWA,401823651
KXNCAAMBGAME-25DEC29SUNYCNJIT,401830112
KXNCAAMBGAME-25DEC29ELMCBING,401820612
KXNCAAMBGAME-25DEC29ILLTUIC,401828921
KXNCAAMBGAME-25DEC29MOSUDEL,401804854
KXNCAAMBGAME-25DEC28NEOMORE,401827266
KXNCAAMBGAME-25DEC28MCPHUMKC,401829454
KXNCAAMBGAME-25DEC28FISKPEAY,401830628
KXNCAAMBGAME-25DEC28COLMGAST,401829494
KXNCAAMBGAME-25DEC28TRUEPRE,401826945
KXNCAAMBGAME-25DEC28DAKSUND,401829460
KXNCAAMBGAME-25DEC28SHENRAD,401826075
KXNCAAMBGAME-25DEC28CSFSMU,401817463
KXNCAAMBGAME-25DEC28CLMBUNF,401818537
KXNCAAMBGAME-25DEC28LMCBC,401817217
KXNCAAMBGAME-25DEC28ALCMORE,401831190
KXNCAAMBGAME-25DEC28ARCJOES,401822733
KXNCAAMBGAME-25DEC27CSNSTAN,401817475
KXNCAAMBGAME-25DEC27COLMUNCW,401823596
KXNCAAMBGAME-25DEC21PEAYUMKC,401829453
KXNCAAMBGAME-25DEC23WVTMRSH,401827264
KXNCAAMBGAME-25DEC23IDHOCSB,401823572
KXNCAAMBGAME-25DEC23UCRVUCLA,401813766
KXNCAAMBGAME-25DEC23LINWMOSU,401822397
KXNCAAMBGAME-25DEC23GBCAMP,401828299
KXNCAAMBGAME-25DEC22SACCSN,401823264
KXNCAAMBGAME-25DEC22WBCUALR,401825190
KXNCAAMBGAME-25DEC22COOKARIZ,401826887
KXNCAAMBGAME-25DEC22STETOKLA,401825209
KXNCAAMBGAME-25DEC22ILLMIZZ,401811100
KXNCAAMBGAME-25DEC22BRYHP,401820620
KXNCAAMBGAME-25DEC22JACFSU,401823350
KXNCAAMBGAME-25DEC22CCARJOES,401822672
KXNCAAMBGAME-25DEC22STNHSYR,401817486
KXNCAAMBGAME-25DEC22PSEBUFF,401823453
KXNCAAMBGAME-25DEC22SIEIND,401822838
KXNCAAMBGAME-25DEC22ACTXSO,401827009
KXNCAAMBGAME-25DEC22SCSTSCAR,401829282
KXNCAAMBGAME-25DEC22LINCAWEB,401826958
KXNCAAMBGAME-25DEC22NUMTST,401825583
KXNCAAMBGAME-25DEC22GRCELON,401827520
KXNCAAMBGAME-25DEC22UWGAUGA,401825391
KXNCAAMBGAME-25DEC22DCCLT,401826904
KXNCAAMBGAME-25DEC22DEFCWMU,401829276
KXNCAAMBGAME-25DEC22CCNJSPC,401831279
KXNCAAMBGAME-25DEC22MILLMOH,401831073
KXNCAAMBGAME-25DEC22MABOMASS,401827758
KXNCAAMBGAME-25DEC22TRINFIU,401829047
KXNCAAMBGAME-25DEC22NHCFOR,401822171
KXNCAAMBGAME-25DEC21CAMPMINN,401827236
KXNCAAMBGAME-25DEC21CLMBCAL,401817227
KXNCAAMBGAME-25DEC21MILWCLEV,401817595
KXNCAAMBGAME-25DEC21EKYWICH,401826884
KXNCAAMBGAME-25DEC21ETAMTXAM,401829428
KXNCAAMBGAME-25DEC21CHATAAMU,401827198
KXNCAAMBGAME-25DEC21CORALBY,401828272
KXNCAAMBGAME-25DEC21NAUIW,401820494
KXNCAAMBGAME-25DEC21UDALSFA,401829450
KXNCAAMBGAME-25DEC21PREMAN,401823863
KXNCAAMBGAME-25DEC21UICCHAR,401820805
KXNCAAMBGAME-25DEC21WEBBTENN,401826974
KXNCAAMBGAME-25DEC21LMDGMU,401820192
KXNCAAMBGAME-25DEC21CSFOKST,401813296
KXNCAAMBGAME-25DEC21MURRVALP,401830251
KXNCAAMBGAME-25DEC21CUMBMTU,401823000
KXNCAAMBGAME-25DEC21MISSNCST,401817261
KXNCAAMBGAME-25DEC21MASSLBU,401824363
KXNCAAMBGAME-25DEC20BSUNEV,401823820
KXNCAAMBGAME-25DEC20SWAUAMCC,401820490
KXNCAAMBGAME-25DEC20NEOMLAM,401828515
KXNCAAMBGAME-25DEC20BETHUVU,401826954
KXNCAAMBGAME-25DEC20MACUNCAT,401827531
KXNCAAMBGAME-25DEC20GCWYO,401823791
KXNCAAMBGAME-25DEC20JVSTETSU,401824894
KXNCAAMBGAME-25DEC20NWBUT,401820829
KXNCAAMBGAME-25DEC20CCARODU,401808583
KXNCAAMBGAME-25DEC20MOHBALL,401813772
KXNCAAMBGAME-25DEC20BINGMHU,401820216
KXNCAAMBGAME-25DEC20SIHDET,401823373
KXNCAAMBGAME-25DEC20LMCSBON,401817205
KXNCAAMBGAME-25DEC20SCUSYSU,401823006
KXNCAAMBGAME-25DEC20CHSIND,401822347
KXNCAAMBGAME-25DEC20BUFFWMU,401813769
KXNCAAMBGAME-25DEC19ACBYU,401819840
KXNCAAMBGAME-25DEC19FAMUTARL,401827002
KXNCAAMBGAME-25DEC19LASHP,401822184
KXNCAAMBGAME-25DEC19LHCFDU,401812292
KXNCAAMBGAME-25DEC19REINSAM,401829436
KXNCAAMBGAME-25DEC18WIULINW,401806346
KXNCAAMBGAME-25DEC18DRKEMURR,401830247
KXNCAAMBGAME-25DEC18UALRUSI,401806347
KXNCAAMBGAME-25DEC18UMKCOKST,401813295
KXNCAAMBGAME-25DEC18CCARAPP,401808579
KXNCAAMBGAME-25DEC18RADWM,401826074
KXNCAAMBGAME-25DEC18LAFCHAR,401820804
KXNCAAMBGAME-25DEC18TFCWEBB,401826973
KXNCAAMBGAME-25DEC17AFASDSU,401820557
KXNCAAMBGAME-25DEC17MTMONT,401828295
KXNCAAMBGAME-25DEC17CAMPGONZ,401824035
KXNCAAMBGAME-25DEC17KENNMTU,401822999
KXNCAAMBGAME-25DEC17TXSONCST,401817260
KXNCAAMBGAME-25DEC17COOKSLU,401817191
KXNCAAMBGAME-25DEC17DAKSSDAK,401811113
KXNCAAMBGAME-25DEC17MACUNCCU,401828739
KXNCAAMBGAME-25DEC17JACFAMU,401823349
KXNCAAMBGAME-25DEC17CLEVUAB,401826877
KXNCAAMBGAME-25DEC17BPCUWGA,401825390
KXNCAAMBGAME-25DEC17EKYJVST,401828314
KXNCAAMBGAME-25DEC17CHATBELL,401823222
KXNCAAMBGAME-25DEC17OLIVCMU,401823458
KXNCAAMBGAME-25DEC17PREECU,401820815
KXNCAAMBGAME-25DEC17SOWUSCUS,401827065
KXNCAAMBGAME-25DEC17MHUSYR,401817484
KXNCAAMBGAME-25DEC17ALBYSTON,401827496
KXNCAAMBGAME-25DEC17STNHUNH,401822354
KXNCAAMBGAME-25DEC16ACARIZ,401823529
KXNCAAMBGAME-25DEC16TOWSKU,401819886
KXNCAAMBGAME-25DEC16ORUMOSU,401823329
KXNCAAMBGAME-25DEC16LMCTEX,401826858
KXNCAAMBGAME-25DEC16UALRMORE,401806344
KXNCAAMBGAME-25DEC16VALPNW,401822338
KXNCAAMBGAME-25DEC16MBUHP,401826980
KXNCAAMBGAME-25DEC16TARLMVSU,401827001
KXNCAAMBGAME-25DEC16SCARCLEM,401812925
KXNCAAMBGAME-25DEC16UTRGVLAM,401808976
KXNCAAMBGAME-25DEC16UMKCOKLA,401826781
KXNCAAMBGAME-25DEC16MOHWRST,401823413
KXNCAAMBGAME-25DEC16OHWOHIO,401829050
KXNCAAMBGAME-25DEC16SCUSSCST,401827064
KXNCAAMBGAME-25DEC16SHUMASSL,401823728
KXNCAAMBGAME-25DEC16MIDLIB,401828471
KXNCAAMBGAME-25DEC15EWUUSI,401829375
KXNCAAMBGAME-25DEC15UMNCNDSU,401829464
KXNCAAMBGAME-25DEC15IWTCU,401812256
KXNCAAMBGAME-25DEC15MCNSHCU,401820475
KXNCAAMBGAME-25DEC15ECCCARPB,401827134
KXNCAAMBGAME-25DEC15CMPBWKU,401823365
KXNCAAMBGAME-25DEC15NIAGVCU,401813382
KXNCAAMBGAME-25DEC15RHOCSTET,401825208
KXNCAAMBGAME-25DEC15WOFWEBB,401826972
KXNCAAMBGAME-25DEC15BRYCSAM,401829435
KXNCAAMBGAME-25DEC14JACTXAM,401823348
KXNCAAMBGAME-25DEC14CHSLCHI,401817161
KXNCAAMBGAME-25DEC14SMCBSU,401823819
KXNCAAMBGAME-25DEC14CBAPUTM,401829394
KXNCAAMBGAME-25DEC14DETPFW,401817512
KXNCAAMBGAME-25DEC14CHARCOFC,401820803
KXNCAAMBGAME-25DEC14NNMXCSU,401823812
KXNCAAMBGAME-25DEC14BALLCAMP,401822327
KXNCAAMBGAME-25DEC14SXUSEMO,401829351
KXNCAAMBGAME-25DEC14ECSIUE,401829344
KXNCAAMBGAME-25DEC14HPAPP,401826737
KXNCAAMBGAME-25DEC14THIEYSU,401823005
KXNCAAMBGAME-25DEC14OAKCCLEV,401827487
KXNCAAMBGAME-25DEC14COOKMIZZ,401827113
KXNCAAMBGAME-25DEC14BUFFECU,401820814
KXNCAAMBGAME-25DEC14UTEPHAW,401824902
KXNCAAMBGAME-25DEC13PEPPCSB,401823739
KXNCAAMBGAME-25DEC13WPCSEA,401824130
KXNCAAMBGAME-25DEC13UCRVBYU,401819838
KXNCAAMBGAME-25DEC13INDUK,401827208
KXNCAAMBGAME-25DEC13CCARGC,401823790
KXNCAAMBGAME-25DEC13CITSCAR,401829424
KXNCAAMBGAME-25DEC13SIMPPAC,401824066
KXNCAAMBGAME-25DEC13GASOUWGA,401825389
KXNCAAMBGAME-25DEC13SBONOHIO,401817204
KXNCAAMBGAME-25DEC13MSMLMD,401813404
KXNCAAMBGAME-25DEC13KUNCST,401817259
KXNCAAMBGAME-25DEC13MURRAKR,401820602
KXNCAAMBGAME-25DEC13ABCAAMU,401827196
KXNCAAMBGAME-25DEC13CHATAUB,401823481
KXNCAAMBGAME-25DEC13BETHTTNTC,401826834
KXNCAAMBGAME-25DEC13CSFDEN,401823176
KXNCAAMBGAME-25DEC13NIAGMORG,401813281
KXNCAAMBGAME-25DEC13UNCWVALP,401822337
KXNCAAMBGAME-25DEC13SPCGTWN,401822727
KXNCAAMBGAME-25DEC13MOHEKY,401828548
KXNCAAMBGAME-25DEC13JVSTGAST,401828313
KXNCAAMBGAME-25DEC13MASSLQUIN,401820584
KXNCAAMBGAME-25DEC13JKSTNW,401826935
KXNCAAMBGAME-25DEC13MHUDAV,401820215
KXNCAAMBGAME-25DEC13SCUSUNC,401817269
KXNCAAMBGAME-25DEC13USTUNCA,401829480
KXNCAAMBGAME-25DEC13OKSTOKLA,401813294
KXNCAAMBGAME-25DEC13CSNDEL,401812631
KXNCAAMBGAME-25DEC13ALBYFAU,401826795
KXNCAAMBGAME-25DEC13CMUSTON,401823457
KXNCAAMBGAME-25DEC12ETSUPEAY,401824893
KXNCAAMBGAME-25DEC12ETAMMCNS,401808702
KXNCAAMBGAME-25DEC12WPUUNCG,401830119
KXNCAAMBGAME-25DEC12DCCAMCC,401820489
KXNCAAMBGAME-25DEC12MOSUXAV,401823328
KXNCAAMBGAME-25DEC12BVCWEBB,401826971
KXNCAAMBGAME-25DEC11UTAUTRGV,401823872
KXNCAAMBGAME-25DEC11NDSUCSB,401823738
KXNCAAMBGAME-25DEC11SJUUST,401829479
KXNCAAMBGAME-25DEC11TBCJAC,401823347
KXNCAAMBGAME-25DEC11ALSTMIZZ,401827157
KXNCAAMBGAME-25DEC11UHHHAW,401824901
KXNCAAMBGAME-25DEC10FRESCSN,401823262
KXNCAAMBGAME-25DEC10DUQBSU,401813453
KXNCAAMBGAME-25DEC10WEBUMKC,401826957
KXNCAAMBGAME-25DEC10EKYEIU,401828547
KXNCAAMBGAME-25DEC10ARPBTLSA,401827133
KXNCAAMBGAME-25DEC10COLGSBON,401817203
KXNCAAMBGAME-25DEC10LIBNCST,401817258
KXNCAAMBGAME-25DEC10NHCNJIT,401828685
KXNCAAMBGAME-25DEC10FISHMASSL,401826765
KXNCAAMBGAME-25DEC10MOHUNCA,401830422
KXNCAAMBGAME-25DEC10ALBYYALE,401818306
KXNCAAMBGAME-25DEC09PSUIND,401825403
KXNCAAMBGAME-25DEC09CCUDEN,401826741
KXNCAAMBGAME-25DEC09DOANNEOM,401829469
KXNCAAMBGAME-25DEC09MCNSURI,401817170
KXNCAAMBGAME-25DEC09CLMBSTON,401818536
KXNCAAMBGAME-25DEC09BRESNKU,401823389
KXNCAAMBGAME-25DEC09UALRWVU,401819920
KXNCAAMBGAME-25DEC09TFCWIN,401827071
KXNCAAMBGAME-25DEC09SOWUCIT,401829439
KXNCAAMBGAME-25DEC09LMDVMI,401820191
KXNCAAMBGAME-25DEC09REGHC,401812669
KXNCAAMBGAME-25DEC09BUFFUMBC,401823432
KXNCAAMBGAME-25DEC09ABCULM,401830127
KXNCAAMBGAME-25DEC08IWUNO,401808900
KXNCAAMBGAME-25DEC07SMUTXAM,401817460
KXNCAAMBGAME-25DEC07TOWSUCF,401824828
KXNCAAMBGAME-25DEC07USUCHAR,401820802
KXNCAAMBGAME-25DEC07MIZZKU,401819885
KXNCAAMBGAME-25DEC07AFANAVY,401820157
KXNCAAMBGAME-25DEC06OKLAASU,401819819
KXNCAAMBGAME-25DEC06ARPBDEP,401825574
KXNCAAMBGAME-25DEC06OKSTGC,401813293
KXNCAAMBGAME-25DEC06WMGW,401817149
KXNCAAMBGAME-25DEC06MOSUTLSA,401823327
KXNCAAMBGAME-25DEC06PRINLCHI,401817160
KXNCAAMBGAME-25DEC06LOUIND,401817246
KXNCAAMBGAME-25DEC06BSUBUT,401820828
KXNCAAMBGAME-25DEC06SBONBUFF,401817202
KXNCAAMBGAME-25DEC06STONDUQ,401813452
KXNCAAMBGAME-25DEC06STETSCAR,401825207
KXNCAAMBGAME-25DEC06OSUNW,401825399
KXNCAAMBGAME-25DEC06UNCANCST,401817257
KXNCAAMBGAME-25DEC06NHCBC,401817215
KXNCAAMBGAME-25DEC05LCCPORT,401824092
KXNCAAMBGAME-25DEC03NCSTAUB,401806373
KXNCAAMBGAME-25DEC03NWWIS,401825397
KXNCAAMBGAME-25DEC03PACAFA,401820556
KXNCAAMBGAME-25DEC03INDMINN,401825395
KXNCAAMBGAME-25DEC02MIZZND,401806368
KXNCAAMBGAME-25DEC02ACPEPP,401823527
KXNCAAMBGAME-25DEC02STETGC,401823789
KXNCAAMBGAME-25DEC02VALPMARQ,401822335
KXNCAAMBGAME-25DEC02CMULCHI,401817159
KXNCAAMBGAME-25DEC02VTSCAR,401806372
KXNCAAMBGAME-25DEC02TXAMPITT,401806367
KXNCAAMBGAME-25DEC02OKLAWAKE,401806370
KXNCAAMBGAME-25DEC02WMDUQ,401813451
KXNCAAMBGAME-25DEC02NCATCHAR,401820801
KXNCAAMBGAME-25DEC02CAMPPSU,401827278
KXNCAAMBGAME-25DEC01UABMTU,401822998
KXNCAAMBGAME-25DEC01TARLCIN,401819846
KXNCAAMBGAME-25NOV30CSBFRES,401823736
KXNCAAMBGAME-25NOV30SBONFAU,401817200
KXNCAAMBGAME-25NOV30MHUWVU,401819918
KXNCAAMBGAME-25NOV29ALBYFOR,401828270
KXNCAAMBGAME-25NOV29PEPPCSF,401823174
KXNCAAMBGAME-25NOV29AFASDAK,401811108
KXNCAAMBGAME-25NOV29SCUSNEB,401827062
KXNCAAMBGAME-25NOV29COOKIND,401827111
KXNCAAMBGAME-25NOV28TXAMFSU,401826710
KXNCAAMBGAME-25NOV28CHSOSCAR,401820843
KXNCAAMBGAME-25NOV28OKLAMARQ,401823026
KXNCAAMBGAME-25NOV28CLEVMIZZ,401827486
KXNCAAMBGAME-25NOV28RICHCHAR,401830917
KXNCAAMBGAME-25NOV27OKSTNW,401812276
KXNCAAMBGAME-25NOV27CHARILST,401809398
KXNCAAMBGAME-25NOV27SBONECU,401817199
KXNCAAMBGAME-25NOV27MDALA,401831220
KXNCAAMBGAME-25NOV27UTAHMISS,401830745
KXNCAAMBGAME-25NOV26NCSTTEX,401831202
KXNCAAMBGAME-25NOV26GCIOWA,401830744
KXNCAAMBGAME-25NOV26UNCOAFA,401820555
KXNCAAMBGAME-25NOV26LCHISJSU,401830746
KXNCAAMBGAME-25NOV26ALAUNLV,401812264
KXNCAAMBGAME-25NOV26UTAHGC,401819910
KXNCAAMBGAME-25NOV25KSUIND,401819892
KXNCAAMBGAME-25NOV25MVSUTXAM,401829427
KXNCAAMBGAME-25NOV25SCSTMIZZ,401829280
KXNCAAMBGAME-25NOV25MURRGW,401817147
KXNCAAMBGAME-25NOV25CSBFSU,401823735
KXNCAAMBGAME-25NOV25RUTCJOES,401822668
KXNCAAMBGAME-25NOV25CAMPWAKE,401817532
KXNCAAMBGAME-25NOV25SBONUNC,401817198
KXNCAAMBGAME-25NOV25LCHIUNI,401817158
KXNCAAMBGAME-25NOV25NCSTBSU,401831198
KXNCAAMBGAME-25NOV25JACPAC,401831237
KXNCAAMBGAME-25NOV24UTSAAC,401830347
KXNCAAMBGAME-25NOV24UTRGVILL,401827181
KXNCAAMBGAME-25NOV24GWMTU,401817146
KXNCAAMBGAME-25NOV24USCBSU,401823818
KXNCAAMBGAME-25NOV24HALLNCST,401817256
KXNCAAMBGAME-25NOV24PACSTON,401824064
KXNCAAMBGAME-25NOV24TOWSURI,401809312
KXNCAAMBGAME-25NOV23DETDEP,401823372
KXNCAAMBGAME-25NOV23GWMCNS,401808728
KXNCAAMBGAME-25NOV23IUINAFA,401820554
KXNCAAMBGAME-25NOV23USTPORT,401824091
KXNCAAMBGAME-25NOV23NWSCAR,401826914
KXNCAAMBGAME-25NOV23SHAWCHAR,401820800
KXNCAAMBGAME-25NOV23UWGAGT,401825386
KXNCAAMBGAME-25NOV23ALCNOKLA,401826780
KXNCAAMBGAME-25NOV22UCMSMC,401829505
KXNCAAMBGAME-25NOV22WEBBRICH,401817176
KXNCAAMBGAME-25NOV21PREUCLA,401813761
KXNCAAMBGAME-25NOV21CSFPORT,401822731
KXNCAAMBGAME-25NOV21UCRVUSD,401824112
KXNCAAMBGAME-25NOV21NWSTGC,401823788
KXNCAAMBGAME-25NOV21PEAYTLSA,401828283
KXNCAAMBGAME-25NOV21NEOMLSU,401829422
KXNCAAMBGAME-25NOV21NIULCHI,401817157
KXNCAAMBGAME-25NOV21MANTXAM,401823859
KXNCAAMBGAME-25NOV21NIAGDUKE,401813377
KXNCAAMBGAME-25NOV21CHARAPP,401820799
KXNCAAMBGAME-25NOV21DETMSU,401823371
KXNCAAMBGAME-25NOV21SIUEAFA,401820553
KXNCAAMBGAME-25NOV21NWUVA,401817490
KXNCAAMBGAME-25NOV21SCARBUT,401820825
KXNCAAMBGAME-25NOV20TARLRICE,401826808
KXNCAAMBGAME-25NOV20ORUOKLA,401826779
KXNCAAMBGAME-25NOV20SDAKMIZZ,401811106
KXNCAAMBGAME-25NOV20CHSIOWA,401822342
KXNCAAMBGAME-25NOV20LINWIND,401822399
KXNCAAMBGAME-25NOV20RMUSBON,401817197
KXNCAAMBGAME-25NOV19UMKCTCU,401812253
KXNCAAMBGAME-25NOV19MTUMICH,401822996
KXNCAAMBGAME-25NOV19ALSTAFA,401820552
KXNCAAMBGAME-25NOV18PRECAL,401817222
KXNCAAMBGAME-25NOV18WICHBSU,401823817
KXNCAAMBGAME-25NOV18CHSMINN,401822341
KXNCAAMBGAME-25NOV18PEAYMISS,401828493
KXNCAAMBGAME-25NOV18ARPBSMU,401817456
KXNCAAMBGAME-25NOV18MONTTXAM,401828290
KXNCAAMBGAME-25NOV18WEBBDEP,401825572
KXNCAAMBGAME-25NOV18RADSCAR,401826071
KXNCAAMBGAME-25NOV18JACGMU,401823343
KXNCAAMBGAME-25NOV18NHCHALL,401826893
KXNCAAMBGAME-25NOV17BETHSJSU,401829325
KXNCAAMBGAME-25NOV17VCUNCST,401817255
KXNCAAMBGAME-25NOV17PVMIZZ,401827041
KXNCAAMBGAME-25NOV17STNHISU,401819873
KXNCAAMBGAME-25NOV16CSULCHI,401817156
KXNCAAMBGAME-25NOV16MASSLWAKE,401817530
KXNCAAMBGAME-25NOV16CHARVT,401817520
KXNCAAMBGAME-25NOV15GCSLU,401817185
KXNCAAMBGAME-25NOV15COOKDAY,401813437
KXNCAAMBGAME-25NOV15OKLANEB,401826778
KXNCAAMBGAME-25NOV15WMSJU,401826915
KXNCAAMBGAME-25NOV15PACCSF,401822730
KXNCAAMBGAME-25NOV15MTSTBSU,401823816
KXNCAAMBGAME-25NOV15YSUSBON,401817196
KXNCAAMBGAME-25NOV15ARPBVAN,401827129
KXNCAAMBGAME-25NOV15UMKCTEX,401829425
KXNCAAMBGAME-25NOV14TARLBAY,401819825
KXNCAAMBGAME-25NOV14NWDEP,401825571
KXNCAAMBGAME-25NOV14UCFTXAM,401824826
KXNCAAMBGAME-25NOV14HPUAB,401826852
KXNCAAMBGAME-25NOV14CSBMISS,401823552
KXNCAAMBGAME-25NOV14ALBYURI,401817166
KXNCAAMBGAME-25NOV13LCHIWICH,401817155
KXNCAAMBGAME-25NOV12UNCGNCST,401817254
KXNCAAMBGAME-25NOV12UALRMARQ,401823023
KXNCAAMBGAME-25NOV12MINNMIZZ,401827234
KXNCAAMBGAME-25NOV12EKYVAN,401828544
KXNCAAMBGAME-25NOV12SPCVCU,401822736
KXNCAAMBGAME-25NOV12SIESBON,401817195
KXNCAAMBGAME-25NOV12MILWIND,401822311
KXNCAAMBGAME-25NOV12PRESCAR,401826939
KXNCAAMBGAME-25NOV11UCRVUNM,401826043
KXNCAAMBGAME-25NOV11LINCAPEPP,401824069
KXNCAAMBGAME-25NOV11UTRGVBSU,401823815
KXNCAAMBGAME-25NOV11PEAYWYO,401823757
KXNCAAMBGAME-25NOV11MURRSMU,401817454
KXNCAAMBGAME-25NOV11ARPBOKLA,401826777
KXNCAAMBGAME-25NOV11BUFFDEP,401823427
KXNCAAMBGAME-25NOV11WMRICH,401817174
KXNCAAMBGAME-25NOV11DAVCHAR,401820798
KXNCAAMBGAME-25NOV11CHSBUT,401820824
KXNCAAMBGAME-25NOV11STNHURI,401817165
KXNCAAMBGAME-25NOV11LIUAFA,401812353
KXNCAAMBGAME-25NOV10CSFCAL,401817220
KXNCAAMBGAME-25NOV10UWGAUCLA,401813758
KXNCAAMBGAME-25NOV10NIUGC,401823462
KXNCAAMBGAME-25NOV10CLEVNW,401826913
KXNCAAMBGAME-25NOV10LINWSLU,401817184
KXNCAAMBGAME-25NOV10CLMBCONN,401812787
KXNCAAMBGAME-25NOV09USMSCAR,401827257
KXNCAAMBGAME-25NOV09NEOMCSU,401823808
KXNCAAMBGAME-25NOV09UNTLCHI,401828276
KXNCAAMBGAME-25NOV09VMIMIZZ,401823515
KXNCAAMBGAME-25NOV09TXAMOKST,401813287
KXNCAAMBGAME-25NOV09INDMARQ,401823022
KXNCAAMBGAME-25NOV08OKLAGONZ,401824032
KXNCAAMBGAME-25NOV08ARPBLMU,401824038
KXNCAAMBGAME-25NOV08CHATUNLV,401820396
KXNCAAMBGAME-25NOV08PEAYAFA,401820550
KXNCAAMBGAME-25NOV08UVUBSU,401823814
KXNCAAMBGAME-25NOV08CANSBON,401813347
KXNCAAMBGAME-25NOV08CSFWYO,401822729
KXNCAAMBGAME-25NOV08TOWSHOU,401824810
KXNCAAMBGAME-25NOV08PSUNHC,401827277
KXNCAAMBGAME-25NOV07UABNCST,401817253
KXNCAAMBGAME-25NOV07CHATSMC,401829430
KXNCAAMBGAME-25NOV07MCNSSCU,401824119
KXNCAAMBGAME-25NOV07YSUGC,401823002
KXNCAAMBGAME-25NOV07SEMOMIZZ,401829345
KXNCAAMBGAME-25NOV07STNHDEP,401824945
KXNCAAMBGAME-25NOV07MSMCFOR,401822166
KXNCAAMBGAME-25NOV07MASSLCONN,401812786
KXNCAAMBGAME-25NOV07VALPUK,401822330
KXNCAAMBGAME-25NOV07TNTCCHAR,401820797
KXNCAAMBGAME-25NOV07DETND,401817132
KXNCAAMBGAME-25NOV07WEBBCLEM,401812917
KXNCAAMBGAME-25NOV07BUNW,401824357
KXNCAAMBGAME-25NOV06ARPBPORT,401824088
KXNCAAMBGAME-25NOV06MHULCHI,401817154
KXNCAAMBGAME-25NOV06TXSOTXAM,401827003
KXNCAAMBGAME-25NOV06CHSSLU,401817183
KXNCAAMBGAME-25NOV06CAMPWVU,401819915
KXNCAAMBGAME-25NOV06COOKMIA,401809414
KXNCAAMBGAME-25NOV06LMCXAV,401812333
KXNCAAMBGAME-25NOV05COBSUTSA,401831374
KXNCAAMBGAME-25NOV05LPCPAC,401824061
KXNCAAMBGAME-25NOV05SCUSFRES,401827058
KXNCAAMBGAME-25NOV05TARLLSU,401826995
KXNCAAMBGAME-25NOV05AAMUIND,401827172
KXNCAAMBGAME-25NOV05SVURICH,401817172
KXNCAAMBGAME-25NOV04HSUSCU,401824118
KXNCAAMBGAME-25NOV04NCATSCAR,401827525
KXNCAAMBGAME-25NOV04OCCUSD,401824110
KXNCAAMBGAME-25NOV03ARPBWASH,401827127
KXNCAAMBGAME-25NOV03LINCALMU,401824037
KXNCAAMBGAME-25NOV03CSBCAL,401817218
KXNCAAMBGAME-25NOV03USTSMC,401829477
KXNCAAMBGAME-25NOV03LPCPEPP,401824068
KXNCAAMBGAME-25NOV03NWSTTXAM,401829426
KXNCAAMBGAME-25NOV03PFWGC,401823391
KXNCAAMBGAME-25NOV03COOKAUB,401823474
KXNCAAMBGAME-25NOV03IWCSU,401823807
KXNCAAMBGAME-25NOV03WESTUSU,401827910
KXNCAAMBGAME-25NOV03CAMPWIS,401826911
KXNCAAMBGAME-25NOV03CLEVLCHI,401817153
KXNCAAMBGAME-25NOV03INSTCHAR,401820796
KXNCAAMBGAME-25NOV03JACMIA,401809413
KXNCAAMBGAME-25NOV03UTRGVBAY,401819823
KXNCAAMBGAME-25NOV03WEBBMINN,401826967
KXNCAAMBGAME-25NOV03TARLSMU,401817452
KXNCAAMBGAME-25NOV03UWGANEB,401825381
KXNCAAMBGAME-25NOV03MIZZHOW,401829423
KXNCAAMBGAME-25NOV03MHUNW,401820209
KXNCAAMBGAME-25NOV03CLEVL-IL,401817153
KXNCAAMBGAME-25NOV03DSALEDAV,401828642
KXNCAAMBGAME-25NOV03ALBYMARQ,401823020
KXNCAAMBGAME-25NOV03SPCHALL,401826891
KXNCAAMBGAME-25NOV03NCCUNCST,401817252
KXNCAAMBGAME-25NOV03NIAGDUQ,401813373
KXNCAAMBGAME-25NOV03NHCCONN,401812785
KXNCAAMBGAME-25NOV03BRADSBON,401817194

KXNCAAMBGAME-26FEB21CSFCSB,401823185
KXNCAAMBGAME-26FEB21LMDCOLG,401820207
KXNCAAMBGAME-26FEB14SCUSLONG,401823949
KXNCAAMBGAME-26FEB14CHSLMC,401812346
KXNCAAMBGAME-26FEB13SPCSHU,401823754
KXNCAAMBGAME-26JAN29SFPACHS,401812394
KXNCAAMBGAME-26FEB05MONMSTON,401812052
KXNCAAMBGAME-26JAN24UMESSCST,401823048
KXNCAAMBGAME-26JAN27ARPBGRAM,401827099
KXNCAAMBGAME-26JAN24UALRUTM,401806455
KXNCAAMBGAME-26JAN31WEBBCHSO,401823930
KXNCAAMBGAME-26JAN25SFPANHC,401812393
KXNCAAMBGAME-26JAN27TNTCTNST,401806458
KXNCAAMBGAME-26JAN31FRESAFA,401820566
KXNCAAMBGAME-26JAN25CHSMHU,401820218
KXNCAAMBGAME-26JAN24USAMRSH,401808639
KXNCAAMBGAME-26JAN24MVSUGRAM,401827098
KXNCAAMBGAME-26JAN19NHCCHS,401822348
KXNCAAMBGAME-26JAN17BETHUSD,401831990
KXNCAAMBGAME-26JAN17SCARAUB,401808177

KXNCAAMBGAME-26JAN11UCIHAW,401809110
KXNCAAMBGAME-26JAN10WINSCUS,401823909
KXNCAAMBGAME-26JAN08CHSFDU,401812317
KXNCAAMBGAME-26JAN07MOSUKENN,401804868
KXNCAAMBGAME-26JAN04LMCMHU,401812335
KXNCAAMBGAME-26JAN04FAIRNIAG,401813385
KXNCAAMBGAME-26JAN04NHCCCSU,401812653
KXNCAAMBGAME-26JAN02ASPCOR,401830010
KXNCAAMBGAME-26JAN01NEOMSDST,401818332
KXNCAAMBGAME-25DEC31PSUACLMB,401818538
KXNCAAMBGAME-25DEC31JWRIBRWN,401818558
KXNCAAMBGAME-25DEC30CCLAGRAM,401827094
KXNCAAMBGAME-25DEC29UMUSA,401831555
KXNCAAMBGAME-25DEC29LASUNLV,401820402
KXNCAAMBGAME-25DEC29NHCVAN,401828686
KXNCAAMBGAME-25DEC29CUWVAKR,401820603
KXNCAAMBGAME-25DEC29GCSUSF,401826814
KXNCAAMBGAME-25DEC29ABAPBAY,401819833
KXNCAAMBGAME-25DEC28SUFEUCSD,401826910
KXNCAAMBGAME-25DEC28AVELONG,401827057
KXNCAAMBGAME-25DEC28BUFMER,401832544
KXNCAAMBGAME-25DEC28PUHP,401826981
KXNCAAMBGAME-25DEC28COBSSHSU,401823357
KXNCAAMBGAME-25DEC28PRNCSLU,401817193
KXNCAAMBGAME-25DEC28UNICWOF,401829441
KXNCAAMBGAME-25DEC28NCUUST,401829481
KXNCAAMBGAME-25DEC22IUINGC,401823380
KXNCAAMBGAME-25DEC22EWUEIU,401822362
KXNCAAMBGAME-25DEC22SIHBGSU,401823424
KXNCAAMBGAME-25DEC22SHUTOWS,401823730
KXNCAAMBGAME-25DEC22MCBJWAG,401831531
KXNCAAMBGAME-25DEC21STONMRST,401813327
KXNCAAMBGAME-25DEC21CLINWIN,401827074
KXNCAAMBGAME-25DEC20UCRVUST,401826047
KXNCAAMBGAME-25DEC20LCHISCU,401824124
KXNCAAMBGAME-25DEC20COBSUTRGV,401830123
KXNCAAMBGAME-25DEC20BLMTLIP,401824954
KXNCAAMBGAME-25DEC20HSSLINW,401822396
KXNCAAMBGAME-25DEC20HOUGNIAG,401813383
KXNCAAMBGAME-25DEC20LOURTOL,401823473
KXNCAAMBGAME-25DEC19NDMUTOWS,401827501
KXNCAAMBGAME-25DEC19LASCSN,401823263
KXNCAAMBGAME-25DEC19BPCSCST,401829281
KXNCAAMBGAME-25DEC18UMWIDST,401824858
KXNCAAMBGAME-25DEC18NUKCSB,401823740
KXNCAAMBGAME-25DEC18MCUNCA,401830424
KXNCAAMBGAME-25DEC17LCHISF,401817162
KXNCAAMBGAME-25DEC17CBAPARPB,401827135
KXNCAAMBGAME-25DEC16SUFEUCRV,401826046
KXNCAAMBGAME-25DEC16EWUNIU,401823467
KXNCAAMBGAME-25DEC16YORKNEOM,401829470
KXNCAAMBGAME-26FEB18JMUCCAR,401808675
KXNCAAMBGAME-26JAN29GASOULM,401858731
KXNCAAMBGAME-26JAN26ETAMLAM,401858320
KXNCAAMBGAME-26JAN26AAMUPV,401858319
KXNCAAMBGAME-25DEC16CHSBGSU,401822346
KXNCAAMBGAME-25DEC13JUCOUTU,401824029
KXNCAAMBGAME-25DEC13ECCCORU,401828528
KXNCAAMBGAME-25DEC13SCKUMKC,401829452
KXNCAAMBGAME-25DEC12NVU-JSTNH,401822353
KXNCAAMBGAME-25DEC11BLOOMWAG,401831530
KXNCAAMBGAME-25DEC11CGGASO,401829492
KXNCAAMBGAME-25DEC10BETHCSF,401823175
KXNCAAMBGAME-25DEC10CCUND,401829458
KXNCAAMBGAME-25DEC10TCTULN,401826846
KXNCAAMBGAME-25DEC10COBSNICH,401826749
KXNCAAMBGAME-25DEC10SLUFAU,401826774
KXNCAAMBGAME-25DEC10NYOBHOF,401830739
KXNCAAMBGAME-25DEC09DUCCAL,401820295
KXNCAAMBGAME-25DEC09GCUTEM,401826839
KXNCAAMBGAME-25DEC09CVSTLINW,401822395
KXNCAAMBGAME-25DEC09OAKCHAT,401829432
KXNCAAMBGAME-25DEC03BUPSBON,401817201
KXNCAAMBGAME-25NOV28STONLMU,401824043
KXNCAAMBGAME-25NOV27BSUCHA,401831203
KXNCAAMBGAME-25NOV26CSUDUQ,401813450
KXNCAAMBGAME-25NOV25TEXCHA,401831199
KXNCAAMBGAME-25NOV16IWIND,401827189
KXNCAAMBGAME-25NOV15MOHAFA,401820551
KXNCAAMBGAME-25NOV11CCGMU,401826699
KXNCAAMBGAME-25NOV10USTWSU,401824135
KXNCAAMBGAME-25NOV04COBSRICE,401826803
KXNCAAMBGAME-25NOV04LINWTTU,401819898
KXNCAAMBGAME-25NOV03HPUBSU,401823813
KXNCAAMBGAME-25NOV03CHSDEP,401822339
KXNCAAMBGAME-25NOV03NSUWYO,401823756
KXNCAAMBGAME-25NOV03SFPAOKLA,401812379
KXNCAAMBGAME-25NOV03AFABEL,401811965
KXNCAAMBGAME-26MAR12UKMIZZ,401851561
KXNCAAMBGAME-26MAR12NCSTUVA,401851177
KXNCAAMBGAME-26MAR12MASSMOH,401858186
KXNCAAMBGAME-26MAR11SJSUBSU,401851498
KXNCAAMBGAME-26MAR11SCAROKLA,401851560
KXNCAAMBGAME-26MAR11TARLAC,401851733
KXNCAAMBGAME-26MAR11MOSULIB,401851407
KXNCAAMBGAME-26MAR10PSUNW,401851363
KXNCAAMBGAME-26MAR04ULLJMU,401851636
KXNCAAMBGAME-26MAR03GASTULL,401851633
KXNCAAMBGAME-26FEB27ULLARST,401808698
KXNCAAMBGAME-26FEB24ULLTROY,401808691
KXNCAAMBGAME-26FEB21TXSTULL,401808686
KXNCAAMBGAME-26FEB19ARSTULL,401808679
KXNCAAMBGAME-26FEB16ULLODU,401808640
KXNCAAMBGAME-26FEB07CMUULL,401845841
KXNCAAMBGAME-26FEB04ULLJMU,401808659
KXNCAAMBGAME-26JAN31GASOULL,401808650
KXNCAAMBGAME-26JAN29GASTULL,401808645
KXNCAAMBGAME-26JAN22ULLAPP,401808628
KXNCAAMBGAME-26JAN17ULLUSA,401808624
KXNCAAMBGAME-26JAN14ULLTXST,401808616
KXNCAAMBGAME-26JAN10TROYULL,401808613
KXNCAAMBGAME-26JAN10NCSTFSU,401820658
KXNCAAMBGAME-26JAN08ULMULL,401808605
KXNCAAMBGAME-26JAN03USMULL,401808598
KXNCAAMBGAME-25DEC31USAULL,401808590
KXNCAAMBGAME-25DEC28NORFULL,401828723
KXNCAAMBGAME-25DEC20ULLULM,401808585
KXNCAAMBGAME-25DEC18ULLUSM,401808580
KXNCAAMBGAME-25DEC16MUMIUIN,401823379
KXNCAAMBGAME-25DEC13ULLLT,401826903
KXNCAAMBGAME-25NOV21ULLSCU,401824121
KXNCAAMBGAME-25NOV18ULLSTAN,401817467
KXNCAAMBGAME-25NOV11TULNULL,401826844
KXNCAAMBGAME-25DEC02CONNKU,401812791
KXNCAAMBGAME-25DEC02UGAFSU,401806369
KXNCAAMBGAME-25DEC02ACPEPP,401823527
KXNCAAMBGAME-26MAR17USTSEA,401858194
KXNCAAMBGAME-26MAR17TEXNCST,401856434